Driver;Team;Age;Year;Month;GP;GP_ID;fp1_quali_Pace;fp1_quali_Laps;fp1_race_Pace;fp1_race_Laps;fp1_fastest_lap;fp1_Weather;fp1_Incident;fp2_quali_Pace;fp2_quali_Laps;fp2_race_Pace;fp2_race_Laps;fp2_fastest_lap;fp2_Weather;fp2_Incident;fp3_quali_Pace;fp3_quali_Laps;fp3_race_Pace;fp3_race_Laps;fp3_fastest_lap;fp3_Weather;fp3_Incident;quali_Pace;quali_Laps;quali_fastest_lap;quali_Weather;quali_Incident;race_Pace;race_Laps;race_fastest_lap;race_Stops;race_Weather;race_Incident
Daniel RICCIARDO;McLaren;32;2021;MAR;Bahrein;0;93972;4;99446;5;92434;D;No;92630;4;98628;8;91230;D;No;93359;2;NO TIME ;0;92477;D;No;90809;6;89927;D;No;96495;50;94932;0;D;No
Lando NORRIS;McLaren;22;2021;MAR;Bahrein;0;93241;4;99474;5;91897;D;No;92609;3;98477;12;90942;D;No;92920;2;NO TIME ;0;92860;D;No;90848;6;89974;D;No;96126;50;94396;0;D;No
Sebastian VETTEL;Aston Martin;34;2021;MAR;Bahrein;0;93877;3;100425;7;93157;D;No;92571;4;99267;9;91769;D;No;93811;3;95716;1;92755;D;No;92061;2;92056;D;No;97764;49;95566;0;D;Yes
Nicholas LATIFI;Williams;26;2021;MAR;Bahrein;0;95526;4;101053;8;94340;D;No;93983;3;99824;16;93400;D;No;94864;3;NO TIME ;0;93959;D;No;92223;2;91936;D;No;98597;44;96602;0;D;No
Kimi RAIKKONEN;Alfa Romeo;42;2021;MAR;Bahrein;0;94315;6;NO TIME ;0;93134;D;No;92583;3;NO TIME ;0;91862;D;Yes;93275;5;NO TIME ;0;92224;D;No;91839;4;91238;D;No;96810;50;95192;0;D;No
Nikita MAZEPIN;Haas;22;2021;MAR;Bahrein;0;95851;5;NO TIME ;0;94975;D;No;93449;1;100528;7;93449;D;No;94479;3;NO TIME ;0;93622;D;No;93273;1;93273;D;No;NO TIME ;0;0;0;D;Yes
Pierre GASLY;AlphaTauri;25;2021;MAR;Bahrein;0;93117;4;97829;8;92195;D;No;92009;4;98275;11;91483;D;No;92178;4;NO TIME ;0;91583;D;No;90465;5;89809;D;No;96618;45;94090;0;D;Yes
Sergio PEREZ;Red Bull;31;2021;MAR;Bahrein;0;92790;4;NO TIME ;0;92071;D;No;91855;3;97921;9;91503;D;No;92916;3;NO TIME ;0;91908;D;No;90858;3;90659;D;No;96001;50;93970;0;D;No
Fernando ALONSO;Alpine;40;2021;MAR;Bahrein;0;94737;3;97378;4;93872;D;No;92594;3;99196;13;91770;D;No;94309;5;NO TIME ;0;92820;D;No;90891;5;90249;D;No;98265;26;96063;0;D;No
Charles LECLERC;Ferrari;24;2021;MAR;Bahrein;0;92741;4;NO TIME ;0;91993;D;No;91969;2;98664;11;91612;D;No;93632;4;NO TIME ;0;92482;D;No;90357;4;89678;D;No;96331;49;94988;0;D;No
Lance STROLL;Aston Martin;23;2021;MAR;Bahrein;0;94092;4;100473;5;93233;D;No;92412;3;99037;11;91393;D;No;94196;4;NO TIME ;0;92431;D;No;91267;5;90601;D;No;96846;50;94865;0;D;No
Yuki TSUNODA;AlphaTauri;21;2021;MAR;Bahrein;0;93723;4;98547;3;93329;D;No;91937;4;98268;8;91294;D;No;93554;4;NO TIME ;0;92677;D;No;91045;3;90607;D;No;96663;50;94761;0;D;No
Esteban OCON;Alpine;25;2021;MAR;Bahrein;0;94591;3;97511;7;93528;D;No;92700;3;99360;12;91601;D;No;93626;2;96736;1;92423;D;No;92055;2;91724;D;No;97073;48;95250;0;D;Yes
Max VERSTAPPEN;Red Bull;24;2021;MAR;Bahrein;0;92381;4;NO TIME ;0;91394;D;No;91531;3;97733;9;90847;D;No;91809;3;NO TIME ;0;90577;D;No;89835;4;88997;D;No;95266;49;93228;0;D;No
Lewis HAMILTON;Mercedes;36;2021;MAR;Bahrein;0;92560;5;NO TIME ;0;91921;D;No;91330;3;97939;8;91082;D;No;92382;3;94889;1;91316;D;No;89952;5;89385;D;No;95198;49;94015;0;D;No
Mick SCHUMACHER;Haas;22;2021;MAR;Bahrein;0;95930;6;NO TIME ;0;94501;D;No;94754;4;100703;9;93297;D;No;94183;3;100837;1;93422;D;No;93155;2;92449;D;No;98083;49;96134;0;D;No
Carlos SAINZ;Ferrari;27;2021;MAR;Bahrein;0;93175;4;NO TIME ;0;92366;D;No;91962;3;98370;12;91127;D;No;93477;4;NO TIME ;0;92108;D;No;90654;5;90009;D;No;96487;50;94509;0;D;No
George RUSSELL;Williams;23;2021;MAR;Bahrein;0;95259;4;100039;8;94127;D;No;92824;3;99239;15;92331;D;No;94353;3;NO TIME ;0;93323;D;No;91952;2;91316;D;No;97322;49;95036;0;D;No
Valtteri BOTTAS;Mercedes;32;2021;MAR;Bahrein;0;92698;5;96739;2;91692;D;No;91360;2;98485;9;91218;D;No;92434;3;97411;4;91855;D;No;90349;5;89586;D;No;95327;48;92090;0;D;No
Antonio GIOVINAZZI;Alfa Romeo;28;2021;MAR;Bahrein;0;93979;4;95679;1;92786;D;No;92398;5;99262;12;91740;D;No;93312;3;NO TIME ;0;92500;D;No;91614;4;90708;D;No;96968;49;95122;0;D;No
Daniel RICCIARDO;McLaren;32;2021;APR;Imola;1;78316;5;83228;5;77769;D;No;77647;4;81454;6;76782;D;No;76863;5;NO TIME ;0;76253;D;No;75493;6;74826;D;No;NO TIME ;0;0;0;D/I;No
Lando NORRIS;McLaren;22;2021;APR;Imola;1;78963;3;82835;4;77935;D;No;77020;4;80992;7;76485;D;No;76375;5;NO TIME ;0;75414;D;No;74764;4;74454;D;No;NO TIME ;0;0;0;D/I;No
Sebastian VETTEL;Aston Martin;34;2021;APR;Imola;1;79250;4;81894;11;77984;D;No;77696;4;80888;11;77092;D;No;76886;5;83616;1;76389;D;No;75612;4;75394;D;No;NO TIME ;0;0;0;D/I;No
Nicholas LATIFI;Williams;26;2021;APR;Imola;1;78703;5;81524;7;77739;D;No;77730;5;80869;12;76823;D;No;76759;3;78869;1;76537;D;No;76063;5;75593;D;No;NO TIME ;0;0;0;D/I;Yes
Kimi RAIKKONEN;Alfa Romeo;42;2021;APR;Imola;1;78809;4;83822;1;77883;D;No;77658;4;81430;10;77273;D;No;77580;8;80617;1;76775;D;No;76112;3;75974;D;No;NO TIME ;0;0;0;D/I;No
Nikita MAZEPIN;Haas;22;2021;APR;Imola;1;79757;4;83233;4;78823;D;Yes;78838;4;81345;1;77857;D;No;77741;7;80042;2;76793;D;No;77192;3;76797;D;No;NO TIME ;0;0;0;D/I;No
Pierre GASLY;AlphaTauri;25;2021;APR;Imola;1;77514;6;79420;1;76888;D;No;76403;5;80065;11;75629;D;No;76414;6;78475;1;75890;D;No;75251;7;74790;D;No;NO TIME ;0;0;0;D/I;No
Sergio PEREZ;Red Bull;31;2021;APR;Imola;1;79011;4;80825;1;78228;D;Yes;77010;5;80007;8;76411;D;No;76175;4;78111;1;75551;D;No;75012;6;74446;D;No;NO TIME ;0;0;0;D/I;No
Fernando ALONSO;Alpine;40;2021;APR;Imola;1;78631;6;80995;2;77457;D;No;77443;5;81422;12;76835;D;No;77021;7;NO TIME ;0;76186;D;No;75852;4;75593;D;No;NO TIME ;0;0;0;D/I;No
Charles LECLERC;Ferrari;24;2021;APR;Imola;1;77227;3;NO TIME ;0;76796;D;No;76379;4;79845;11;75367;D;Yes;76406;5;79738;2;75738;D;No;75069;6;74740;D;No;NO TIME ;0;0;0;D/I;No
Lance STROLL;Aston Martin;23;2021;APR;Imola;1;78695;4;81537;6;77489;D;No;77532;4;80901;10;76737;D;No;76819;5;NO TIME ;0;76245;D;No;75536;6;75138;D;No;NO TIME ;0;0;0;D/I;No
Yuki TSUNODA;AlphaTauri;21;2021;APR;Imola;1;80202;3;83874;1;79781;D;No;77347;6;80362;10;76419;D;No;76696;5;80716;1;76230;D;No;NO TIME ;0;0;D;Yes;NO TIME ;0;0;0;D/I;No
Esteban OCON;Alpine;25;2021;APR;Imola;1;78945;9;82679;6;78360;D;Yes;77370;5;80594;11;76817;D;No;77102;6;82765;1;76228;D;No;75550;6;75117;D;No;NO TIME ;0;0;0;D/I;No
Max VERSTAPPEN;Red Bull;24;2021;APR;Imola;1;77344;4;80648;3;76622;D;No;78052;2;NO TIME ;0;76999;D;No;75701;3;NO TIME ;0;74958;D;No;74858;6;74498;D;No;NO TIME ;0;0;0;D/I;No
Lewis HAMILTON;Mercedes;36;2021;APR;Imola;1;77446;5;82689;5;76605;D;No;76068;5;79838;6;75561;D;No;76394;4;80318;2;75515;D;No;74770;6;74411;D;No;NO TIME ;0;0;0;D/I;No
Mick SCHUMACHER;Haas;22;2021;APR;Imola;1;80549;7;83163;3;79480;D;No;78610;10;82590;7;77350;D;No;77344;8;NO TIME ;0;76448;D;No;76484;4;76279;D;No;NO TIME ;0;0;0;D/I;Yes
Carlos SAINZ;Ferrari;27;2021;APR;Imola;1;77667;8;81388;3;76888;D;No;76783;3;80508;13;75834;D;No;76551;5;79747;2;75908;D;No;75449;5;75199;D;No;NO TIME ;0;0;0;D/I;No
George RUSSELL;Williams;23;2021;APR;Imola;1;78995;5;81613;8;77866;D;No;77659;5;80970;14;77179;D;No;76848;6;NO TIME ;0;76427;D;No;75688;4;75261;D;No;NO TIME ;0;0;0;D/I;Yes
Valtteri BOTTAS;Mercedes;32;2021;APR;Imola;1;77391;5;81073;3;76564;D;No;76173;5;79849;6;75551;D;No;76065;4;80902;1;75908;D;No;74917;6;74672;D;No;NO TIME ;0;0;0;D/I;Yes
Antonio GIOVINAZZI;Alfa Romeo;28;2021;APR;Imola;1;79121;4;81998;8;78058;D;No;77438;6;80332;7;76513;D;No;77037;5;79659;4;76612;D;No;76622;2;76122;D;No;NO TIME ;0;0;0;D/I;No
Daniel RICCIARDO;McLaren;32;2021;MAY;Portugal;2;81821;6;85053;11;80995;D;No;81154;5;84785;12;80418;D;No;80136;4;85916;2;79582;D;No;80019;3;79839;D;No;NO TIME ;0;0;0;D;No
Lando NORRIS;McLaren;22;2021;MAY;Portugal;2;80911;4;84657;9;80635;D;No;81278;4;85378;11;80757;D;No;79899;3;85319;2;79272;D;No;79238;5;78481;D;No;NO TIME ;0;0;0;D;No
Sebastian VETTEL;Aston Martin;34;2021;MAY;Portugal;2;82749;9;85128;10;81405;D;No;81775;4;84656;14;81074;D;No;80258;4;82606;1;80129;D;No;79654;8;78970;D;No;NO TIME ;0;0;0;D;No
Nicholas LATIFI;Williams;26;2021;MAY;Portugal;2;83608;5;86444;9;82293;D;No;82937;6;85932;12;81855;D;No;81025;5;NO TIME ;0;80681;D;No;80726;3;80285;D;No;NO TIME ;0;0;0;D;No
Kimi RAIKKONEN;Alfa Romeo;42;2021;MAY;Portugal;2;82302;6;86246;5;81381;D;No;82451;4;85595;6;81225;D;No;80117;6;82732;5;79415;D;No;80011;7;79748;D;No;NO TIME ;0;0;0;D;Yes
Nikita MAZEPIN;Haas;22;2021;MAY;Portugal;2;84722;6;87522;10;83520;D;No;83334;3;87742;15;82638;D;No;81488;5;84257;2;80640;D;No;81477;3;80912;D;No;NO TIME ;0;0;0;D;No
Pierre GASLY;AlphaTauri;25;2021;MAY;Portugal;2;81543;9;84875;8;80444;D;No;81110;6;84708;13;80558;D;No;79894;7;82317;3;79374;D;No;79538;7;79052;D;No;NO TIME ;0;0;0;D;No
Sergio PEREZ;Red Bull;31;2021;MAY;Portugal;2;80633;4;85574;4;79846;D;No;81079;7;84104;7;80516;D;No;79676;7;NO TIME ;0;78840;D;No;79252;6;78845;D;No;NO TIME ;0;0;0;D;No
Fernando ALONSO;Alpine;40;2021;MAY;Portugal;2;82355;17;84901;6;81303;D;No;81156;6;84593;12;80220;D;No;79810;5;85723;1;78735;D;No;79550;3;79456;D;No;NO TIME ;0;0;0;D;No
Charles LECLERC;Ferrari;24;2021;MAY;Portugal;2;80825;6;83630;7;79884;D;No;80913;4;84441;11;80360;D;No;79462;5;84058;1;79001;D;No;79333;9;78769;D;No;NO TIME ;0;0;0;D;No
Lance STROLL;Aston Martin;23;2021;MAY;Portugal;2;81607;4;84848;17;80894;D;No;81466;4;85169;11;80427;D;No;80271;3;86177;1;80007;D;No;80145;3;79913;D;No;NO TIME ;0;0;0;D;No
Yuki TSUNODA;AlphaTauri;21;2021;MAY;Portugal;2;82531;8;84780;7;81090;D;No;81677;6;85003;11;81053;D;No;80305;7;85142;2;79485;D;No;79748;4;79463;D;No;NO TIME ;0;0;0;D;No
Esteban OCON;Alpine;25;2021;MAY;Portugal;2;81910;11;85073;5;80800;D;No;81174;6;84798;14;80235;D;No;79703;6;NO TIME ;0;78860;D;No;79360;6;78586;D;No;NO TIME ;0;0;0;D;No
Max VERSTAPPEN;Red Bull;24;2021;MAY;Portugal;2;80707;6;85368;4;79673;D;No;80366;5;83481;9;79980;D;No;78851;6;NO TIME ;0;78489;D;No;78946;6;78209;D;No;NO TIME ;0;0;0;D;No
Lewis HAMILTON;Mercedes;36;2021;MAY;Portugal;2;81014;5;84067;18;79967;D;No;80439;4;84355;16;79837;D;No;78793;4;84692;2;78725;D;No;78674;6;77968;D;No;NO TIME ;0;0;0;D;No
Mick SCHUMACHER;Haas;22;2021;MAY;Portugal;2;83038;4;85338;13;81939;D;No;81976;4;85800;11;81232;D;No;80708;5;82901;2;80033;D;No;80644;3;80452;D;No;NO TIME ;0;0;0;D;No
Carlos SAINZ;Ferrari;27;2021;MAY;Portugal;2;81596;9;85304;6;80680;D;No;80777;5;84455;11;80197;D;No;79593;8;84493;1;79050;D;No;79205;7;78813;D;No;NO TIME ;0;0;0;D;No
George RUSSELL;Williams;23;2021;MAY;Portugal;2;81784;6;84262;8;80529;D;No;81732;5;84839;12;80976;D;No;80425;6;NO TIME ;0;80127;D;No;79735;4;79109;D;No;NO TIME ;0;0;0;D;No
Valtteri BOTTAS;Mercedes;32;2021;MAY;Portugal;2;80944;8;84428;11;79648;D;No;80414;4;84270;14;80181;D;No;79201;4;84377;1;78820;D;No;78930;7;78348;D;No;NO TIME ;0;0;0;D;No
Callum ILOTT;Alfa Romeo;23;2021;MAY;Portugal;2;82626;5;85562;7;81806;D;No;NO TIME ;0;NO TIME ;0;0;D;No;NO TIME ;0;NO TIME ;0;0;D;No;NO TIME ;0;0;D;No;NO TIME ;0;0;0;D;No
Antonio GIOVINAZZI;Alfa Romeo;28;2021;MAY;Portugal;2;NO TIME ;0;NO TIME ;0;0;D;No;82080;4;85143;13;81238;D;No;80716;8;83854;2;79588;D;No;79703;7;79216;D;No;NO TIME ;0;0;0;D;No
Daniel RICCIARDO;McLaren;32;2021;MAY;España;3;81168;4;84499;5;79732;D;No;80011;6;84821;7;79195;D;No;79856;7;NO TIME ;0;78582;D;No;77910;4;77622;D;No;NO TIME ;0;0;0;D;No
Lando NORRIS;McLaren;22;2021;MAY;España;3;80433;5;82799;4;78944;D;No;79645;4;83849;12;79092;D;No;79480;4;NO TIME ;0;78494;D;No;78077;5;77696;D;No;NO TIME ;0;0;0;D;No
Sebastian VETTEL;Aston Martin;34;2021;MAY;España;3;80042;3;83409;8;79234;D;No;80129;4;84622;15;78947;D;No;79868;5;NO TIME ;0;79363;D;No;78339;4;78079;D;No;NO TIME ;0;0;0;D;No
Nicholas LATIFI;Williams;26;2021;MAY;España;3;80676;4;84688;8;80270;D;No;80746;5;85577;11;80046;D;No;79999;3;NO TIME ;0;79392;D;No;79630;3;79219;D;No;NO TIME ;0;0;0;D;No
Nikita MAZEPIN;Haas;22;2021;MAY;España;3;82907;2;87102;6;81976;D;No;81485;3;86238;9;80753;D;No;81378;5;87571;1;80237;D;No;80508;3;79807;D;No;NO TIME ;0;0;0;D;No
Kimi RAIKKONEN;Alfa Romeo;42;2021;MAY;España;3;NO TIME ;0;NO TIME ;0;0;D;No;80386;5;85125;8;79213;D;No;79467;4;82786;1;78597;D;No;78995;2;78917;D;No;NO TIME ;0;0;0;D;No
Pierre GASLY;AlphaTauri;25;2021;MAY;España;3;80122;4;83492;8;79062;D;No;79102;4;83810;14;78593;D;No;79332;5;NO TIME ;0;78535;D;No;78067;3;77982;D;No;NO TIME ;0;0;0;D;No
Sergio PEREZ;Red Bull;31;2021;MAY;España;3;80356;5;82701;1;79349;D;No;79418;3;83621;8;78918;D;No;79486;5;NO TIME ;0;78606;D;No;78050;5;77669;D;No;NO TIME ;0;0;0;D;No
Fernando ALONSO;Alpine;40;2021;MAY;España;3;81685;9;82700;5;79950;D;No;79118;5;84225;14;78518;D;No;80048;6;81612;1;78662;D;No;78296;5;77966;D;No;NO TIME ;0;0;0;D;No
Charles LECLERC;Ferrari;24;2021;MAY;España;3;80281;6;82620;5;78996;D;No;79152;4;83727;10;78335;D;No;78788;4;83525;3;78308;D;No;77886;6;77510;D;No;NO TIME ;0;0;0;D;No
Lance STROLL;Aston Martin;23;2021;MAY;España;3;80663;4;84109;9;79429;D;No;79949;3;84503;14;79134;D;No;79758;6;NO TIME ;0;78877;D;No;78439;4;77974;D;No;NO TIME ;0;0;0;D;No
Yuki TSUNODA;AlphaTauri;21;2021;MAY;España;3;80783;3;84017;7;79669;D;No;79432;4;84294;11;78619;D;No;79822;5;81242;1;78673;D;No;78602;2;78556;D;No;NO TIME ;0;0;0;D;No
Esteban OCON;Alpine;25;2021;MAY;España;3;81085;7;83388;6;79681;D;No;79317;5;84094;13;78466;D;No;79563;5;NO TIME ;0;78700;D;No;77902;5;77580;D;No;NO TIME ;0;0;0;D;No
Max VERSTAPPEN;Red Bull;24;2021;MAY;España;3;79724;7;NO TIME ;0;78537;D;No;78888;3;83669;9;78785;D;No;78429;3;NO TIME ;0;77835;D;No;77181;4;76777;D;No;NO TIME ;0;0;0;D;No
Lewis HAMILTON;Mercedes;36;2021;MAY;España;3;79397;4;83065;5;78627;D;No;78580;4;83312;13;78170;D;No;78167;4;NO TIME ;0;78070;D;No;77364;5;76741;D;No;NO TIME ;0;0;0;D;No
Roy NISSANY;Williams;27;2021;MAY;España;3;81587;4;85687;9;80700;D;No;NO TIME ;0;NO TIME ;0;0;D;No;NO TIME ;0;NO TIME ;0;0;D;No;NO TIME ;0;0;D;No;NO TIME ;0;0;0;D;No
Mick SCHUMACHER;Haas;22;2021;MAY;España;3;81161;3;85993;11;80766;D;No;81294;5;85685;12;80326;D;No;80548;6;NO TIME ;0;79999;D;No;79610;3;79117;D;No;NO TIME ;0;0;0;D;No
Carlos SAINZ;Ferrari;27;2021;MAY;España;3;80189;3;83419;5;79020;D;No;79632;4;84128;11;78674;D;No;79193;4;83460;3;78410;D;No;77827;5;77620;D;No;NO TIME ;0;0;0;D;No
Valtteri BOTTAS;Mercedes;32;2021;MAY;España;3;79349;3;82881;9;78504;D;No;78603;4;83155;12;78309;D;No;78644;4;NO TIME ;0;78423;D;No;77310;5;76873;D;No;NO TIME ;0;0;0;D;No
George RUSSELL;Williams;23;2021;MAY;España;3;NO TIME ;0;NO TIME ;0;0;D;No;81235;4;85108;13;79957;D;No;79444;4;NO TIME ;0;79005;D;No;78744;3;78445;D;No;NO TIME ;0;0;0;D;No
Robert KUBICA;Alfa Romeo;37;2021;MAY;España;3;82565;4;87006;1;81887;D;No;NO TIME ;0;NO TIME ;0;0;D;No;NO TIME ;0;NO TIME ;0;0;D;No;NO TIME ;0;0;D;No;NO TIME ;0;0;0;D;No
Antonio GIOVINAZZI;Alfa Romeo;28;2021;MAY;España;3;80507;5;83582;4;79694;D;No;80051;6;84780;11;79122;D;No;79683;5;83216;2;79214;D;No;78876;4;78356;D;No;NO TIME ;0;0;0;D;No
Daniel RICCIARDO;McLaren;32;2021;MAY;Monaco;4;75256;9;78798;13;74281;D;No;74053;7;76503;2;73257;D;No;73647;7;78110;4;72959;D;No;71902;5;71598;D;No;NO TIME ;0;0;0;D;No
Lando NORRIS;McLaren;22;2021;MAY;Monaco;4;74225;8;77072;8;73236;D;No;73381;5;76003;5;72379;D;No;72619;5;74211;1;71988;D;No;71153;6;70620;D;No;NO TIME ;0;0;0;D;No
Sebastian VETTEL;Aston Martin;34;2021;MAY;Monaco;4;74757;9;78539;6;73732;D;No;74116;7;75753;3;72982;D;No;73267;6;77200;4;72537;D;No;71882;9;71309;D;No;NO TIME ;0;0;0;D;No
Nicholas LATIFI;Williams;26;2021;MAY;Monaco;4;75373;6;78084;12;74268;D;No;74238;5;77790;11;73593;D;No;74691;8;77344;5;73475;D;Yes;72750;4;72366;D;No;NO TIME ;0;0;0;D;No
Kimi RAIKKONEN;Alfa Romeo;42;2021;MAY;Monaco;4;75389;9;78082;6;74081;D;No;73527;6;77232;8;73065;D;No;73227;7;76864;3;72298;D;No;72153;7;71642;D;No;NO TIME ;0;0;0;D;No
Nikita MAZEPIN;Haas;22;2021;MAY;Monaco;4;75547;6;79051;10;74616;D;No;75141;3;77777;8;74407;D;No;74074;4;78542;3;73390;D;No;73161;2;72958;D;No;NO TIME ;0;0;0;D;No
Pierre GASLY;AlphaTauri;25;2021;MAY;Monaco;4;73662;10;77467;8;72929;D;No;73269;7;75858;5;72498;D;No;72893;8;78032;3;72357;D;No;71555;8;70900;D;No;NO TIME ;0;0;0;D;No
Sergio PEREZ;Red Bull;31;2021;MAY;Monaco;4;73120;7;76364;6;72487;D;No;73301;7;76708;3;72708;D;No;72209;6;74994;1;71817;D;No;71556;8;71019;D;No;NO TIME ;0;0;0;D;No
Fernando ALONSO;Alpine;40;2021;MAY;Monaco;4;75303;11;79848;11;74205;D;Yes;73949;4;76506;5;73175;D;No;73641;6;78255;1;73329;D;No;72536;3;72205;D;No;NO TIME ;0;0;0;D;No
Charles LECLERC;Ferrari;24;2021;MAY;Monaco;4;79618;1;85386;1;79618;D;No;72771;7;75515;5;71684;D;No;72012;9;NO TIME ;0;71552;D;No;70971;7;70346;D;Yes;NO TIME ;0;0;0;D;No
Lance STROLL;Aston Martin;23;2021;MAY;Monaco;4;74978;9;78682;7;74090;D;No;74002;5;77378;5;73195;D;No;73127;7;75131;1;72700;D;No;71991;5;71600;D;No;NO TIME ;0;0;0;D;No
Yuki TSUNODA;AlphaTauri;21;2021;MAY;Monaco;4;74688;9;77970;14;73746;D;No;75314;4;77540;1;74829;D;No;74173;10;77380;2;73522;D;No;72788;4;72096;D;No;NO TIME ;0;0;0;D;No
Esteban OCON;Alpine;25;2021;MAY;Monaco;4;75236;12;78691;12;74320;D;No;73946;5;76785;8;73199;D;No;74005;6;76133;1;73614;D;No;71913;6;71486;D;No;NO TIME ;0;0;0;D;No
Max VERSTAPPEN;Red Bull;24;2021;MAY;Monaco;4;73420;9;77659;7;72648;D;No;73074;6;76387;3;72081;D;No;71886;7;NO TIME ;0;71294;D;No;70999;6;70576;D;No;NO TIME ;0;0;0;D;No
Lewis HAMILTON;Mercedes;36;2021;MAY;Monaco;4;73957;5;76483;8;72995;D;No;72561;6;77325;3;72074;D;No;72512;3;77202;3;72020;D;No;71456;6;71095;D;No;NO TIME ;0;0;0;D;No
Mick SCHUMACHER;Haas;22;2021;MAY;Monaco;4;75353;7;79170;11;74801;D;No;75289;5;78118;6;74416;D;No;74165;6;77795;2;73139;D;No;NO TIME ;0;0;D;Yes;NO TIME ;0;0;0;D;No
Carlos SAINZ;Ferrari;27;2021;MAY;Monaco;4;73359;8;78200;3;72606;D;No;72955;5;76292;6;71796;D;No;71953;9;76008;2;71341;D;No;71027;5;70611;D;No;NO TIME ;0;0;0;D;No
George RUSSELL;Williams;23;2021;MAY;Monaco;4;75594;10;80133;11;74840;D;No;74031;6;76858;8;73509;D;No;74525;10;78152;4;73447;D;No;72091;5;71830;D;No;NO TIME ;0;0;0;D;No
Valtteri BOTTAS;Mercedes;32;2021;MAY;Monaco;4;73798;5;77201;11;73131;D;No;72833;6;75511;9;72107;D;No;72126;5;77162;2;71765;D;No;70980;8;70601;D;No;NO TIME ;0;0;0;D;No
Antonio GIOVINAZZI;Alfa Romeo;28;2021;MAY;Monaco;4;75168;8;78751;6;74106;D;No;73616;7;76652;7;72746;D;No;72994;8;76087;1;72539;D;No;71916;9;71409;D;No;NO TIME ;0;0;0;D;No
Daniel RICCIARDO;McLaren;32;2021;JUN;Azerbaiyan;5;104739;2;110260;10;103732;D;No;103596;3;108734;8;103298;D;No;104432;4;111330;2;103557;D;No;102431;2;102304;D;Yes;NO TIME ;0;0;0;D;No
Lando NORRIS;McLaren;22;2021;JUN;Azerbaiyan;5;105318;3;109776;6;103996;D;No;103803;2;108390;11;103018;D;No;104204;5;111528;2;103011;D;No;102209;4;101747;D;No;NO TIME ;0;0;0;D;No
Sebastian VETTEL;Aston Martin;34;2021;JUN;Azerbaiyan;5;106538;4;110575;8;105415;D;No;104934;2;108079;5;103881;D;No;104321;3;NO TIME ;0;103585;D;No;102609;4;102224;D;No;NO TIME ;0;0;0;D;No
Nicholas LATIFI;Williams;26;2021;JUN;Azerbaiyan;5;107706;5;111356;5;105774;D;No;106983;1;NO TIME ;0;106983;D;No;104808;4;113315;1;104054;D;No;103206;2;103128;D;No;NO TIME ;0;0;0;D;No
Kimi RAIKKONEN;Alfa Romeo;42;2021;JUN;Azerbaiyan;5;106516;4;NO TIME ;0;104943;D;No;103935;4;108439;7;103220;D;No;104320;2;113897;1;103826;D;No;102824;4;102587;D;No;NO TIME ;0;0;0;D;No
Nikita MAZEPIN;Haas;22;2021;JUN;Azerbaiyan;5;107669;2;112458;7;106945;D;Yes;106634;3;109790;9;105563;D;No;106056;3;NO TIME ;0;105711;D;No;104259;2;104238;D;No;NO TIME ;0;0;0;D;No
Pierre GASLY;AlphaTauri;25;2021;JUN;Azerbaiyan;5;104971;5;106935;1;103757;D;No;103608;4;108855;10;102534;D;No;103410;6;NO TIME ;0;102251;D;No;102206;5;101565;D;No;NO TIME ;0;0;0;D;No
Sergio PEREZ;Red Bull;31;2021;JUN;Azerbaiyan;5;104913;3;110639;3;103630;D;No;103251;4;106942;8;102115;D;No;103742;4;109422;2;102595;D;No;101838;3;101630;D;No;NO TIME ;0;0;0;D;No
Fernando ALONSO;Alpine;40;2021;JUN;Azerbaiyan;5;105865;9;108406;1;104777;D;No;103278;3;108447;10;102693;D;No;104573;3;112261;1;103080;D;No;102600;4;102195;D;No;NO TIME ;0;0;0;D;No
Charles LECLERC;Ferrari;24;2021;JUN;Azerbaiyan;5;104251;4;109548;5;103227;D;No;103462;3;109162;7;102436;D;No;103305;4;NO TIME ;0;102778;D;No;101912;4;101218;D;No;NO TIME ;0;0;0;D;No
Lance STROLL;Aston Martin;23;2021;JUN;Azerbaiyan;5;106260;4;111232;5;105234;D;No;104975;3;108175;8;103812;D;No;104182;4;NO TIME ;0;103682;D;No;NO TIME ;0;0;D;Yes;NO TIME ;0;0;0;D;Yes
Yuki TSUNODA;AlphaTauri;21;2021;JUN;Azerbaiyan;5;107072;7;111654;3;105384;D;No;103996;5;107946;4;103130;D;No;103919;7;NO TIME ;0;103244;D;No;102353;5;101654;D;Yes;NO TIME ;0;0;0;D;No
Esteban OCON;Alpine;25;2021;JUN;Azerbaiyan;5;106942;8;110677;4;105446;D;No;104483;5;108849;9;103020;D;No;104789;3;110031;1;103294;D;No;102405;3;102273;D;No;NO TIME ;0;0;0;D;No
Max VERSTAPPEN;Red Bull;24;2021;JUN;Azerbaiyan;5;104590;4;112775;1;103184;D;Yes;102792;2;107913;8;102216;D;No;104441;2;NO TIME ;0;103984;D;No;101764;5;101563;D;No;NO TIME ;0;0;0;D;Yes
Lewis HAMILTON;Mercedes;36;2021;JUN;Azerbaiyan;5;104418;3;110333;6;103893;D;No;103792;4;107650;8;103156;D;No;104067;3;109082;4;102697;D;No;101697;4;101450;D;No;NO TIME ;0;0;0;D;No
Mick SCHUMACHER;Haas;22;2021;JUN;Azerbaiyan;5;107500;3;113475;7;106899;D;No;107573;3;110457;3;106095;D;No;106808;3;111537;1;105282;D;No;104282;3;104158;D;No;NO TIME ;0;0;0;D;No
Carlos SAINZ;Ferrari;27;2021;JUN;Azerbaiyan;5;104362;4;110208;5;103521;D;No;103159;3;107670;6;102243;D;No;103409;4;107322;1;103006;D;No;101923;4;101576;D;Yes;NO TIME ;0;0;0;D;No
George RUSSELL;Williams;23;2021;JUN;Azerbaiyan;5;106400;3;111357;8;105452;D;No;105065;4;110004;9;104557;D;No;105104;3;NO TIME ;0;104434;D;No;103361;4;102728;D;No;NO TIME ;0;0;0;D;No
Valtteri BOTTAS;Mercedes;32;2021;JUN;Azerbaiyan;5;106091;5;109831;4;104891;D;No;104942;3;108026;5;104184;D;No;105188;4;113386;1;103745;D;No;102488;3;102106;D;No;NO TIME ;0;0;0;D;No
Antonio GIOVINAZZI;Alfa Romeo;28;2021;JUN;Azerbaiyan;5;106076;5;108268;1;105092;D;No;103826;5;108888;8;102941;D;No;104448;2;NO TIME ;0;104113;D;No;NO TIME ;0;0;D;Yes;NO TIME ;0;0;0;D;No
Daniel RICCIARDO;McLaren;32;2021;JUN;Francia;6;95152;7;98611;3;94644;D;No;94758;5;99797;5;94079;D;No;93332;5;NO TIME ;0;92759;D;No;91720;5;91382;D;No;NO TIME ;0;0;0;D;No
Lando NORRIS;McLaren;22;2021;JUN;Francia;6;95697;4;99642;2;94707;D;No;94291;4;100284;8;93822;D;No;93208;5;NO TIME ;0;92336;D;No;91550;6;91252;D;No;NO TIME ;0;0;0;D;No
Sebastian VETTEL;Aston Martin;34;2021;JUN;Francia;6;95780;3;99071;3;95289;D;Yes;94834;4;99413;9;94447;D;No;94179;6;NO TIME ;0;93200;D;No;92213;3;91767;D;No;NO TIME ;0;0;0;D;No
Nicholas LATIFI;Williams;26;2021;JUN;Francia;6;96796;5;101575;6;95612;D;No;96122;4;99895;10;95331;D;No;94057;5;NO TIME ;0;93584;D;No;93062;1;93062;D;No;NO TIME ;0;0;0;D;No
Kimi RAIKKONEN;Alfa Romeo;42;2021;JUN;Francia;6;95785;4;98467;1;95135;D;No;94503;5;100103;7;93786;D;No;94058;5;NO TIME ;0;93328;D;No;93354;1;93354;D;No;NO TIME ;0;0;0;D;No
Nikita MAZEPIN;Haas;22;2021;JUN;Francia;6;96907;4;101221;11;96651;D;No;96615;4;102419;6;95551;D;No;94824;3;NO TIME ;0;94642;D;No;93554;1;93554;D;No;NO TIME ;0;0;0;D;No
Pierre GASLY;AlphaTauri;25;2021;JUN;Francia;6;95465;4;98105;2;94699;D;No;94200;4;99487;7;93696;D;No;93223;5;NO TIME ;0;92707;D;No;91466;7;90868;D;No;NO TIME ;0;0;0;D;No
Sergio PEREZ;Red Bull;31;2021;JUN;Francia;6;95129;8;99453;3;94193;D;No;94094;3;98646;8;93921;D;No;92760;3;NO TIME ;0;92238;D;No;90960;4;90445;D;No;NO TIME ;0;0;0;D;No
Fernando ALONSO;Alpine;40;2021;JUN;Francia;6;95148;5;99846;4;94693;D;No;93985;4;98825;9;93340;D;No;93283;5;NO TIME ;0;92624;D;No;91634;5;91340;D;No;NO TIME ;0;0;0;D;No
Charles LECLERC;Ferrari;24;2021;JUN;Francia;6;95822;5;99299;5;94950;D;No;94310;4;99231;6;93550;D;No;93222;4;NO TIME ;0;92820;D;No;91598;5;90987;D;No;NO TIME ;0;0;0;D;No
Lance STROLL;Aston Martin;23;2021;JUN;Francia;6;96283;4;100762;6;95275;D;No;94862;4;100201;9;94632;D;No;94061;6;NO TIME ;0;93051;D;No;92122;1;92122;D;No;NO TIME ;0;0;0;D;No
Yuki TSUNODA;AlphaTauri;21;2021;JUN;Francia;6;95922;7;100476;1;94847;D;No;95145;5;99658;6;93955;D;No;93505;5;NO TIME ;0;92900;D;No;166130;1;166130;D;Yes;NO TIME ;0;0;0;D;No
Esteban OCON;Alpine;25;2021;JUN;Francia;6;95687;9;98143;2;94329;D;No;94004;4;99356;9;93685;D;No;93372;5;NO TIME ;0;92681;D;No;91879;3;91736;D;No;NO TIME ;0;0;0;D;No
Max VERSTAPPEN;Red Bull;24;2021;JUN;Francia;6;94552;3;98766;6;93880;D;No;93377;2;98403;10;92872;D;No;91887;3;NO TIME ;0;91300;D;No;90599;4;89990;D;No;NO TIME ;0;0;0;D;No
Lewis HAMILTON;Mercedes;36;2021;JUN;Francia;6;94961;3;99359;7;93783;D;No;93422;4;98811;8;93125;D;No;92667;4;98025;1;92266;D;No;91019;7;90248;D;No;NO TIME ;0;0;0;D;No
Roy NISSANY;Williams;27;2021;JUN;Francia;6;99084;5;105062;2;97881;D;No;NO TIME ;0;NO TIME ;0;0;D;No;NO TIME ;0;NO TIME ;0;0;D;No;NO TIME ;0;0;D;No;NO TIME ;0;0;0;D;No
Mick SCHUMACHER;Haas;22;2021;JUN;Francia;6;98139;2;102642;6;97329;D;No;96600;3;101037;9;95512;D;No;94476;4;NO TIME ;0;94143;D;No;92942;1;92942;D;Yes;NO TIME ;0;0;0;D;No
Carlos SAINZ;Ferrari;27;2021;JUN;Francia;6;96043;2;99634;10;95342;D;No;94768;4;98747;6;93698;D;No;93117;6;NO TIME ;0;92195;D;No;91501;6;90840;D;No;NO TIME ;0;0;0;D;No
George RUSSELL;Williams;23;2021;JUN;Francia;6;NO TIME ;0;NO TIME ;0;0;D;No;96042;4;99524;10;95266;D;No;93737;5;NO TIME ;0;93364;D;No;92491;3;92065;D;No;NO TIME ;0;0;0;D;No
Valtteri BOTTAS;Mercedes;32;2021;JUN;Francia;6;94106;3;99357;8;93448;D;No;93260;3;97777;11;92880;D;No;92360;4;NO TIME ;0;92047;D;No;91042;5;90376;D;No;NO TIME ;0;0;0;D;No
Antonio GIOVINAZZI;Alfa Romeo;28;2021;JUN;Francia;6;96070;6;100191;3;95116;D;No;94759;5;99713;7;93831;D;No;93621;6;NO TIME ;0;93017;D;No;92239;3;91813;D;No;NO TIME ;0;0;0;D;No
Daniel RICCIARDO;McLaren;32;2021;JUN;Austria1;7;67179;6;70533;15;66669;D;No;66831;5;70691;16;65748;D;No;66898;5;NO TIME ;0;66116;D;No;65152;4;64808;D;No;NO TIME ;0;0;0;D;No
Lando NORRIS;McLaren;22;2021;JUN;Austria1;7;67626;7;70858;13;66861;D;No;66681;5;70372;22;65994;D;No;65941;2;67574;3;65228;D;No;64339;5;64120;D;No;NO TIME ;0;0;0;D;No
Sebastian VETTEL;Aston Martin;34;2021;JUN;Austria1;7;67339;5;71030;13;66708;D;No;66853;3;70261;20;65934;D;No;66305;5;NO TIME ;0;65492;D;No;65065;5;64711;D;No;NO TIME ;0;0;0;D;No
Nicholas LATIFI;Williams;26;2021;JUN;Austria1;7;68074;5;70728;9;67180;D;No;67760;2;70884;19;67669;D;No;66672;6;68857;2;66119;D;No;65469;3;65175;D;No;NO TIME ;0;0;0;D;No
Nikita MAZEPIN;Haas;22;2021;JUN;Austria1;7;68825;5;72612;12;68081;D;No;68065;4;71874;13;67315;D;No;67010;4;71626;5;66692;D;No;66579;3;66192;D;No;NO TIME ;0;0;0;D;No
Kimi RAIKKONEN;Alfa Romeo;42;2021;JUN;Austria1;7;NO TIME ;0;NO TIME ;0;0;D;No;67055;6;70406;17;66297;D;No;66384;8;NO TIME ;0;65942;D;No;65622;2;65429;D;No;NO TIME ;0;0;0;D;No
Pierre GASLY;AlphaTauri;25;2021;JUN;Austria1;7;66849;5;70097;11;66166;D;No;NO TIME ;0;NO TIME ;0;0;D;No;65785;6;NO TIME ;0;65298;D;No;64621;6;64236;D;No;NO TIME ;0;0;0;D;Yes
Sergio PEREZ;Red Bull;31;2021;JUN;Austria1;7;67193;7;70148;10;66696;D;No;66844;6;69911;14;66089;D;No;65752;6;67176;1;65026;D;No;64649;7;64168;D;No;NO TIME ;0;0;0;D;No
Fernando ALONSO;Alpine;40;2021;JUN;Austria1;7;67212;7;70818;12;66475;D;No;66404;5;70085;15;65827;D;No;66399;7;68702;1;65400;D;No;64834;6;64574;D;No;NO TIME ;0;0;0;D;No
Charles LECLERC;Ferrari;24;2021;JUN;Austria1;7;67170;6;70177;16;66629;D;No;66704;6;70128;17;66270;D;No;65971;6;NO TIME ;0;65340;D;No;64889;7;64472;D;No;NO TIME ;0;0;0;D;Yes
Lance STROLL;Aston Martin;23;2021;JUN;Austria1;7;67361;6;70902;11;66584;D;No;67135;3;70437;19;66079;D;No;66489;5;NO TIME ;0;65445;D;No;64922;6;64663;D;No;NO TIME ;0;0;0;D;No
Yuki TSUNODA;AlphaTauri;21;2021;JUN;Austria1;7;67125;6;70333;13;66397;D;No;67453;7;70516;15;66451;D;No;65936;7;NO TIME ;0;65150;D;No;64797;7;64514;D;No;NO TIME ;0;0;0;D;No
Esteban OCON;Alpine;25;2021;JUN;Austria1;7;67255;8;70442;8;66551;D;No;66893;5;70229;15;65790;D;No;66586;7;NO TIME ;0;65676;D;No;65348;2;65217;D;No;NO TIME ;0;0;0;D;No
Max VERSTAPPEN;Red Bull;24;2021;JUN;Austria1;7;66673;6;69756;10;65910;D;No;66125;6;69724;15;65412;D;No;64921;4;NO TIME ;0;64570;D;No;64304;6;63841;D;No;NO TIME ;0;0;0;D;No
Lewis HAMILTON;Mercedes;36;2021;JUN;Austria1;7;67062;6;70469;7;66332;D;No;66141;4;69613;9;65335;D;No;65212;3;66464;1;64369;D;No;64460;6;64067;D;No;NO TIME ;0;0;0;D;No
Mick SCHUMACHER;Haas;22;2021;JUN;Austria1;7;68232;4;71738;15;67473;D;No;67591;4;70999;10;66886;D;No;66489;5;71406;5;65992;D;No;66089;2;66041;D;No;NO TIME ;0;0;0;D;No
Carlos SAINZ;Ferrari;27;2021;JUN;Austria1;7;67382;5;70291;12;66630;D;No;66806;3;70142;16;66147;D;No;66163;6;71829;1;65698;D;No;65060;5;64711;D;No;NO TIME ;0;0;0;D;No
George RUSSELL;Williams;23;2021;JUN;Austria1;7;67525;7;70552;10;66848;D;No;67055;6;70110;16;66628;D;No;66326;7;NO TIME ;0;65863;D;No;65099;4;64671;D;No;NO TIME ;0;0;0;D;No
Valtteri BOTTAS;Mercedes;32;2021;JUN;Austria1;7;66420;3;70203;18;66155;D;No;66271;2;70034;18;66251;D;No;65590;7;NO TIME ;0;64832;D;No;64527;6;64035;D;No;NO TIME ;0;0;0;D;No
Robert KUBICA;Alfa Romeo;37;2021;JUN;Austria1;7;68761;10;70905;2;67823;D;No;NO TIME ;0;NO TIME ;0;0;D;No;NO TIME ;0;NO TIME ;0;0;D;No;NO TIME ;0;0;D;No;NO TIME ;0;0;0;D;No
Antonio GIOVINAZZI;Alfa Romeo;28;2021;JUN;Austria1;7;67466;6;70756;7;66614;D;No;66834;7;70723;15;66145;D;No;66142;7;NO TIME ;0;65556;D;No;65370;5;64913;D;No;NO TIME ;0;0;0;D;No
Daniel RICCIARDO;McLaren;32;2021;JUL;Austria2;8;66936;7;70704;8;66181;D;No;66399;6;70170;9;65698;D;No;66479;6;NO TIME ;0;65725;D;No;64963;5;64719;D;No;NO TIME ;0;0;0;D;No
Lando NORRIS;McLaren;22;2021;JUL;Austria2;8;66402;8;68793;3;65880;D;No;66167;5;70346;12;65466;D;No;66094;6;69172;1;65700;D;No;64286;6;63768;D;No;NO TIME ;0;0;0;D;No
Sebastian VETTEL;Aston Martin;34;2021;JUL;Austria2;8;66578;6;70923;3;66205;D;No;66293;4;70150;20;65268;D;No;66148;6;NO TIME ;0;65542;D;No;64809;6;64493;D;No;NO TIME ;0;0;0;D;Yes
Nicholas LATIFI;Williams;26;2021;JUL;Austria2;8;67457;5;70476;16;66978;D;No;66822;6;70586;18;66014;D;No;66219;3;70121;1;66105;D;No;65220;2;65195;D;No;NO TIME ;0;0;0;D;No
Kimi RAIKKONEN;Alfa Romeo;42;2021;JUL;Austria2;8;66140;8;67708;1;65586;D;No;65941;6;70085;12;65405;D;No;66276;10;NO TIME ;0;65747;D;No;65039;3;65009;D;No;NO TIME ;0;0;0;D;Yes
Nikita MAZEPIN;Haas;22;2021;JUL;Austria2;8;68088;9;71962;3;67284;D;No;67248;5;71332;13;66173;D;No;66754;4;71173;8;66289;D;No;66446;3;65951;D;No;NO TIME ;0;0;0;D;No
Pierre GASLY;AlphaTauri;25;2021;JUL;Austria2;8;66002;7;69789;9;65726;D;No;65803;5;70428;16;65379;D;No;65901;7;NO TIME ;0;65280;D;No;64485;5;64107;D;No;NO TIME ;0;0;0;D;No
Sergio PEREZ;Red Bull;31;2021;JUL;Austria2;8;66222;6;70158;8;65726;D;No;66046;5;69935;21;65516;D;No;65944;6;NO TIME ;0;65396;D;No;64569;7;63990;D;No;NO TIME ;0;0;0;D;No
Charles LECLERC;Ferrari;24;2021;JUL;Austria2;8;66288;6;69398;10;65409;D;No;65968;4;69729;10;65708;D;No;65874;8;70162;1;65484;D;No;64807;5;64600;D;No;NO TIME ;0;0;0;D;No
Fernando ALONSO;Alpine;40;2021;JUL;Austria2;8;NO TIME ;0;NO TIME ;0;0;D;No;66042;5;70038;13;65393;D;No;66499;7;67448;1;65434;D;No;64766;3;64472;D;No;NO TIME ;0;0;0;D;No
Lance STROLL;Aston Martin;23;2021;JUL;Austria2;8;66595;5;70530;9;66203;D;No;65976;5;70474;12;65139;D;No;66123;4;NO TIME ;0;65546;D;No;64970;7;64547;D;No;NO TIME ;0;0;0;D;No
Yuki TSUNODA;AlphaTauri;21;2021;JUL;Austria2;8;66073;6;70250;10;65474;D;No;66078;5;70857;10;65356;D;No;65912;5;NO TIME ;0;65561;D;No;64793;7;64273;D;No;NO TIME ;0;0;0;D;No
Esteban OCON;Alpine;25;2021;JUL;Austria2;8;66627;11;NO TIME ;0;65980;D;No;66208;5;70616;16;65527;D;No;66395;7;NO TIME ;0;65674;D;No;65243;2;65051;D;No;NO TIME ;0;0;0;D;Yes
Max VERSTAPPEN;Red Bull;24;2021;JUL;Austria2;8;65764;6;69975;14;65143;D;No;65365;4;69690;17;64740;D;No;65025;4;NO TIME ;0;64591;D;No;63974;5;63720;D;No;NO TIME ;0;0;0;D;No
Guanyu ZHOU;Alpine;22;2021;JUL;Austria2;8;67359;10;69846;2;66414;D;No;NO TIME ;0;NO TIME ;0;0;D;No;NO TIME ;0;NO TIME ;0;0;D;No;NO TIME ;0;0;D;No;NO TIME ;0;0;0;D;No
Lewis HAMILTON;Mercedes;36;2021;JUL;Austria2;8;65852;3;69888;11;65709;D;No;65647;5;69651;8;64523;D;No;65734;5;NO TIME ;0;64994;D;No;64320;6;64014;D;No;NO TIME ;0;0;0;D;No
Roy NISSANY;Williams;27;2021;JUL;Austria2;8;67637;6;71277;10;66683;D;No;NO TIME ;0;NO TIME ;0;0;D;No;NO TIME ;0;NO TIME ;0;0;D;No;NO TIME ;0;0;D;No;NO TIME ;0;0;0;D;No
Mick SCHUMACHER;Haas;22;2021;JUL;Austria2;8;67263;9;69374;1;66583;D;No;66359;4;70972;15;65636;D;No;66311;4;71316;9;66078;D;No;65725;3;65427;D;No;NO TIME ;0;0;0;D;No
Carlos SAINZ;Ferrari;27;2021;JUL;Austria2;8;65990;5;70360;10;65431;D;No;66094;6;70042;9;65620;D;No;66020;5;69469;3;65347;D;No;64729;5;64559;D;No;NO TIME ;0;0;0;D;No
George RUSSELL;Williams;23;2021;JUL;Austria2;8;NO TIME ;0;NO TIME ;0;0;D;No;66449;5;69901;17;65819;D;No;66039;4;NO TIME ;0;65694;D;No;64771;5;64553;D;No;NO TIME ;0;0;0;D;No
Valtteri BOTTAS;Mercedes;32;2021;JUL;Austria2;8;65696;4;69704;11;65445;D;No;65455;5;69630;11;64712;D;No;65969;5;NO TIME ;0;65129;D;No;64453;6;64049;D;No;NO TIME ;0;0;0;D;No
Callum ILOTT;Alfa Romeo;23;2021;JUL;Austria2;8;67173;7;69687;2;66564;D;No;NO TIME ;0;NO TIME ;0;0;D;No;NO TIME ;0;NO TIME ;0;0;D;No;NO TIME ;0;0;D;No;NO TIME ;0;0;0;D;No
Antonio GIOVINAZZI;Alfa Romeo;28;2021;JUL;Austria2;8;NO TIME ;0;NO TIME ;0;0;D;No;66209;8;70513;9;65511;D;No;66170;7;69037;2;65345;D;No;64962;5;64777;D;No;NO TIME ;0;0;0;D;No
Daniel RICCIARDO;McLaren;32;2021;JUL;GB;9;89150;5;93731;11;88211;D;No;NO TIME ;0;NO TIME ;0;0;D;No;NO TIME ;0;NO TIME ;0;0;D;No;87430;7;86899;D;No;NO TIME ;0;0;0;D;No
Lando NORRIS;McLaren;22;2021;JUL;GB;9;88223;3;93040;11;87814;D;No;NO TIME ;0;NO TIME ;0;0;D;No;NO TIME ;0;NO TIME ;0;0;D;No;87436;7;86897;D;No;NO TIME ;0;0;0;D;No
Sebastian VETTEL;Aston Martin;34;2021;JUL;GB;9;89212;7;90838;1;88062;D;No;NO TIME ;0;NO TIME ;0;0;D;No;NO TIME ;0;NO TIME ;0;0;D;No;87475;5;87103;D;No;NO TIME ;0;0;0;D;No
Nicholas LATIFI;Williams;26;2021;JUL;GB;9;89492;3;93457;11;89227;D;No;NO TIME ;0;NO TIME ;0;0;D;No;NO TIME ;0;NO TIME ;0;0;D;No;88711;3;88254;D;No;NO TIME ;0;0;0;D;No
Kimi RAIKKONEN;Alfa Romeo;42;2021;JUL;GB;9;89674;7;94696;6;89220;D;No;NO TIME ;0;NO TIME ;0;0;D;No;NO TIME ;0;NO TIME ;0;0;D;No;88399;3;88062;D;No;NO TIME ;0;0;0;D;No
Nikita MAZEPIN;Haas;22;2021;JUL;GB;9;90227;4;93936;5;89808;D;No;NO TIME ;0;NO TIME ;0;0;D;No;NO TIME ;0;NO TIME ;0;0;D;No;89685;3;89051;D;No;NO TIME ;0;0;0;D;No
Pierre GASLY;AlphaTauri;25;2021;JUL;GB;9;89551;8;91435;5;88449;D;No;NO TIME ;0;NO TIME ;0;0;D;No;NO TIME ;0;NO TIME ;0;0;D;No;87794;5;87273;D;No;NO TIME ;0;0;0;D;No
Sergio PEREZ;Red Bull;31;2021;JUL;GB;9;88859;6;93626;5;88163;D;No;NO TIME ;0;NO TIME ;0;0;D;No;NO TIME ;0;NO TIME ;0;0;D;No;87282;6;86813;D;No;NO TIME ;0;0;0;D;No
Fernando ALONSO;Alpine;40;2021;JUL;GB;9;90008;8;92067;3;88873;D;No;NO TIME ;0;NO TIME ;0;0;D;No;NO TIME ;0;NO TIME ;0;0;D;No;87705;4;87245;D;No;NO TIME ;0;0;0;D;No
Charles LECLERC;Ferrari;24;2021;JUL;GB;9;88864;6;92562;7;87828;D;No;NO TIME ;0;NO TIME ;0;0;D;No;NO TIME ;0;NO TIME ;0;0;D;No;87147;6;86828;D;No;NO TIME ;0;0;0;D;No
Lance STROLL;Aston Martin;23;2021;JUL;GB;9;90241;6;93565;1;89597;D;No;NO TIME ;0;NO TIME ;0;0;D;No;NO TIME ;0;NO TIME ;0;0;D;No;88105;4;87665;D;No;NO TIME ;0;0;0;D;No
Yuki TSUNODA;AlphaTauri;21;2021;JUL;GB;9;89730;8;92397;8;88600;D;No;NO TIME ;0;NO TIME ;0;0;D;No;NO TIME ;0;NO TIME ;0;0;D;No;88250;4;88043;D;No;NO TIME ;0;0;0;D;No
Esteban OCON;Alpine;25;2021;JUL;GB;9;90092;9;91596;2;88415;D;No;NO TIME ;0;NO TIME ;0;0;D;No;NO TIME ;0;NO TIME ;0;0;D;No;87535;4;87340;D;No;NO TIME ;0;0;0;D;No
Max VERSTAPPEN;Red Bull;24;2021;JUL;GB;9;87653;3;92008;8;87035;D;No;NO TIME ;0;NO TIME ;0;0;D;No;NO TIME ;0;NO TIME ;0;0;D;No;86417;5;86209;D;No;NO TIME ;0;0;0;D;No
Lewis HAMILTON;Mercedes;36;2021;JUL;GB;9;89771;13;91913;5;87815;D;No;NO TIME ;0;NO TIME ;0;0;D;No;NO TIME ;0;NO TIME ;0;0;D;No;86694;8;86023;D;No;NO TIME ;0;0;0;D;No
Mick SCHUMACHER;Haas;22;2021;JUL;GB;9;89791;5;93447;5;89227;D;No;NO TIME ;0;NO TIME ;0;0;D;No;NO TIME ;0;NO TIME ;0;0;D;No;89334;4;88738;D;No;NO TIME ;0;0;0;D;No
Carlos SAINZ;Ferrari;27;2021;JUL;GB;9;88705;3;93211;8;87923;D;No;NO TIME ;0;NO TIME ;0;0;D;No;NO TIME ;0;NO TIME ;0;0;D;No;87284;6;86848;D;No;NO TIME ;0;0;0;D;No
George RUSSELL;Williams;23;2021;JUL;GB;9;90649;5;93507;9;89665;D;No;NO TIME ;0;NO TIME ;0;0;D;No;NO TIME ;0;NO TIME ;0;0;D;No;87508;5;86971;D;No;NO TIME ;0;0;0;D;No
Valtteri BOTTAS;Mercedes;32;2021;JUL;GB;9;89494;7;91009;10;87897;D;No;NO TIME ;0;NO TIME ;0;0;D;No;NO TIME ;0;NO TIME ;0;0;D;No;87086;7;86328;D;No;NO TIME ;0;0;0;D;No
Antonio GIOVINAZZI;Alfa Romeo;28;2021;JUL;GB;9;89448;6;94317;7;88827;D;No;NO TIME ;0;NO TIME ;0;0;D;No;NO TIME ;0;NO TIME ;0;0;D;No;87951;5;87595;D;No;NO TIME ;0;0;0;D;No
Daniel RICCIARDO;McLaren;32;2021;AUG;Hungria;10;80448;7;84291;5;79265;D;No;79511;5;84688;8;78737;D;No;79139;4;NO TIME ;0;77942;D;No;77378;4;76871;D;No;NO TIME ;0;0;0;D;Yes
Lando NORRIS;McLaren;22;2021;AUG;Hungria;10;79863;4;84052;11;78649;D;No;79619;4;83959;6;78313;D;No;78627;3;NO TIME ;0;77772;D;No;76854;5;76385;D;No;NO TIME ;0;0;0;D;Yes
Sebastian VETTEL;Aston Martin;34;2021;AUG;Hungria;10;80137;2;83664;11;78989;D;No;79418;3;83856;15;78228;D;No;78864;5;NO TIME ;0;78235;D;No;77057;5;76750;D;No;NO TIME ;0;0;0;D;No
Nicholas LATIFI;Williams;26;2021;AUG;Hungria;10;80707;5;84608;7;79824;D;No;80233;4;85312;15;79479;D;No;79351;4;NO TIME ;0;78821;D;No;78391;3;78036;D;No;NO TIME ;0;0;0;D;No
Nikita MAZEPIN;Haas;22;2021;AUG;Hungria;10;82191;3;86674;9;80992;D;No;82513;3;87267;16;81881;D;No;79933;1;84160;5;79933;D;No;78940;3;78922;D;No;NO TIME ;0;0;0;D;Yes
Kimi RAIKKONEN;Alfa Romeo;42;2021;AUG;Hungria;10;NO TIME ;0;NO TIME ;0;0;D;No;80505;4;84256;5;79277;D;No;79299;5;NO TIME ;0;78683;D;No;77830;5;77553;D;No;NO TIME ;0;0;0;D;No
Pierre GASLY;AlphaTauri;25;2021;AUG;Hungria;10;79326;3;83593;7;78181;D;No;78962;5;84570;12;78113;D;No;78594;4;83921;1;78115;D;No;76696;5;76394;D;No;NO TIME ;0;0;0;D;No
Sergio PEREZ;Red Bull;31;2021;AUG;Hungria;10;79703;5;81020;1;78466;D;No;78391;5;83271;5;77824;D;No;78328;4;NO TIME ;0;77917;D;No;76920;5;76421;D;No;NO TIME ;0;0;0;D;Yes
Fernando ALONSO;Alpine;40;2021;AUG;Hungria;10;79160;3;83807;9;78385;D;No;79036;6;84208;8;78169;D;No;78910;6;NO TIME ;0;77992;D;No;76809;5;76541;D;No;NO TIME ;0;0;0;D;No
Charles LECLERC;Ferrari;24;2021;AUG;Hungria;10;79821;5;82755;3;78391;D;No;79186;4;84021;11;78370;D;No;78320;6;NO TIME ;0;77520;D;No;76705;5;76496;D;No;NO TIME ;0;0;0;D;Yes
Lance STROLL;Aston Martin;23;2021;AUG;Hungria;10;78856;2;82687;9;78755;D;No;79051;3;84119;15;78320;D;No;78899;5;NO TIME ;0;78050;D;No;77255;4;76893;D;No;NO TIME ;0;0;0;D;Yes
Yuki TSUNODA;AlphaTauri;21;2021;AUG;Hungria;10;79771;4;81884;1;78770;D;Yes;79671;1;NO TIME ;0;79671;D;No;79571;5;82227;7;78461;D;No;78041;2;77919;D;No;NO TIME ;0;0;0;D;No
Esteban OCON;Alpine;25;2021;AUG;Hungria;10;79643;9;81246;2;78765;D;No;78786;5;84245;8;77759;D;No;78747;5;NO TIME ;0;78174;D;No;76946;5;76653;D;No;NO TIME ;0;0;0;D;No
Max VERSTAPPEN;Red Bull;24;2021;AUG;Hungria;10;78775;8;NO TIME ;0;77555;D;No;78166;4;83332;5;77310;D;No;77403;3;79874;1;76914;D;No;76222;6;75650;D;No;NO TIME ;0;0;0;D;Yes
Lewis HAMILTON;Mercedes;36;2021;AUG;Hungria;10;78529;3;83335;6;77722;D;No;77958;3;82424;4;77039;D;No;77872;3;82394;6;76826;D;No;76254;4;75419;D;No;NO TIME ;0;0;0;D;No
Mick SCHUMACHER;Haas;22;2021;AUG;Hungria;10;81442;5;86394;6;80383;D;Yes;80893;5;86316;10;79817;D;No;79521;2;82368;5;79406;D;No;NO TIME ;0;0;D;No;NO TIME ;0;0;0;D;No
Carlos SAINZ;Ferrari;27;2021;AUG;Hungria;10;79420;3;83558;6;78115;D;No;79497;5;83807;10;78441;D;No;78594;5;84450;1;77497;D;No;76649;1;76649;D;Yes;NO TIME ;0;0;0;D;No
George RUSSELL;Williams;23;2021;AUG;Hungria;10;80682;5;84504;6;79724;D;No;80124;4;85067;14;79292;D;No;79244;4;NO TIME ;0;78794;D;No;78415;3;77944;D;No;NO TIME ;0;0;0;D;No
Valtteri BOTTAS;Mercedes;32;2021;AUG;Hungria;10;78553;3;82838;10;77616;D;No;77878;3;83091;10;77012;D;No;77241;2;82313;2;77055;D;No;76441;6;75734;D;No;NO TIME ;0;0;0;D;Yes
Robert KUBICA;Alfa Romeo;37;2021;AUG;Hungria;10;81930;7;84171;2;80639;D;No;NO TIME ;0;NO TIME ;0;0;D;No;NO TIME ;0;NO TIME ;0;0;D;No;NO TIME ;0;0;D;No;NO TIME ;0;0;0;D;No
Antonio GIOVINAZZI;Alfa Romeo;28;2021;AUG;Hungria;10;83042;2;NO TIME ;0;81889;D;No;80283;7;85386;7;79256;D;No;79558;5;NO TIME ;0;79113;D;No;77814;4;77583;D;No;NO TIME ;0;0;0;D;No
Daniel RICCIARDO;McLaren;32;2021;AUG;Belgica;11;107986;5;111159;4;106683;D;No;106470;3;110166;2;106118;D;No;121748;4;131488;2;120456;I;No;118067;3;117127;I/W;No;NO TIME ;0;0;0;D;No
Lando NORRIS;McLaren;22;2021;AUG;Belgica;11;107644;4;110828;6;106336;D;No;106690;5;110591;2;105386;D;No;119051;2;123767;2;118509;I;No;117150;4;116025;I/W;Yes;NO TIME ;0;0;0;D;No
Sebastian VETTEL;Aston Martin;34;2021;AUG;Belgica;11;107823;4;112986;5;106177;D;No;106429;3;112440;3;105336;D;No;120631;6;NO TIME ;0;119436;I;No;117340;2;116814;I/W;No;NO TIME ;0;0;0;D;No
Nicholas LATIFI;Williams;26;2021;AUG;Belgica;11;107777;3;112526;9;107101;D;No;106865;3;111073;3;106198;D;No;122008;4;127117;3;119981;I;No;119185;3;118056;I/W;No;NO TIME ;0;0;0;D;No
Kimi RAIKKONEN;Alfa Romeo;42;2021;AUG;Belgica;11;108893;5;115397;2;108125;D;Yes;106772;5;111368;1;105967;D;No;124382;1;135243;1;124382;I;No;124846;2;124452;I/W;No;NO TIME ;0;0;0;D;No
Nikita MAZEPIN;Haas;22;2021;AUG;Belgica;11;110121;5;113682;1;108705;D;No;108011;2;113262;3;107335;D;No;122642;2;128159;9;121792;I;No;124939;1;124939;I/W;No;NO TIME ;0;0;0;D;No
Pierre GASLY;AlphaTauri;25;2021;AUG;Belgica;11;107422;7;110058;1;105699;D;No;105571;4;111099;2;104965;D;No;120486;5;NO TIME ;0;119324;I;No;117563;3;116440;I/W;No;NO TIME ;0;0;0;D;No
Sergio PEREZ;Red Bull;31;2021;AUG;Belgica;11;107141;6;115184;1;106127;D;No;105904;3;110282;2;105404;D;No;118203;3;NO TIME ;0;117871;I;No;117404;3;116886;I/W;No;NO TIME ;0;0;0;D;No
Fernando ALONSO;Alpine;40;2021;AUG;Belgica;11;107791;4;111856;2;106612;D;No;106038;4;111640;3;104953;D;No;121116;4;125027;3;119613;I;No;119420;3;118205;I/W;No;NO TIME ;0;0;0;D;No
Charles LECLERC;Ferrari;24;2021;AUG;Belgica;11;107450;7;109595;1;105818;D;No;106943;3;115013;1;106836;D;Yes;122908;5;130120;5;121370;I;No;118433;3;117721;I/W;No;NO TIME ;0;0;0;D;No
Lance STROLL;Aston Martin;23;2021;AUG;Belgica;11;108021;5;111412;2;106649;D;No;106451;3;110724;2;105180;D;No;119893;5;126250;2;119205;I;No;118511;2;118231;I/W;No;NO TIME ;0;0;0;D;No
Yuki TSUNODA;AlphaTauri;21;2021;AUG;Belgica;11;108213;7;113490;2;106928;D;No;107046;5;111550;2;105758;D;No;122896;6;127237;3;121510;I;No;123003;2;122413;I/W;No;NO TIME ;0;0;0;D;No
Esteban OCON;Alpine;25;2021;AUG;Belgica;11;107738;6;NO TIME ;0;106497;D;No;106497;4;110677;2;105302;D;No;119406;2;126582;5;118913;I;No;118513;2;117354;I/W;No;NO TIME ;0;0;0;D;No
Max VERSTAPPEN;Red Bull;24;2021;AUG;Belgica;11;106013;5;NO TIME ;0;105363;D;No;104732;3;109776;2;104472;D;Yes;118049;3;125500;1;116924;I;No;117549;3;116559;I/W;No;NO TIME ;0;0;0;D;No
Lewis HAMILTON;Mercedes;36;2021;AUG;Belgica;11;109214;8;118813;1;108224;D;No;104721;2;110231;2;104544;D;No;117996;1;125795;5;117996;I;No;117384;2;116229;I/W;No;NO TIME ;0;0;0;D;No
Mick SCHUMACHER;Haas;22;2021;AUG;Belgica;11;109830;6;NO TIME ;0;109059;D;No;108289;4;113201;3;107529;D;No;121883;3;128365;7;121269;I;No;124763;4;123973;I/W;No;NO TIME ;0;0;0;D;No
Carlos SAINZ;Ferrari;27;2021;AUG;Belgica;11;107131;5;116465;1;105935;D;No;106511;4;110590;1;105517;D;No;121324;2;127739;8;120749;I;No;118658;2;118137;I/W;No;NO TIME ;0;0;0;D;No
George RUSSELL;Williams;23;2021;AUG;Belgica;11;108274;4;112556;7;106772;D;No;106966;2;111337;4;106665;D;No;120595;2;126071;2;119492;I;No;118072;3;116950;I/W;No;NO TIME ;0;0;0;D;No
Valtteri BOTTAS;Mercedes;32;2021;AUG;Belgica;11;107049;3;110430;6;105199;D;No;104727;2;109265;2;104513;D;No;121029;5;124571;2;119808;I;No;116295;1;116295;I/W;No;NO TIME ;0;0;0;D;No
Antonio GIOVINAZZI;Alfa Romeo;28;2021;AUG;Belgica;11;108681;6;111717;1;106755;D;No;106667;4;110771;1;105789;D;No;123031;10;NO TIME ;0;121512;I;No;122747;2;122306;I/W;No;NO TIME ;0;0;0;D;No
Daniel RICCIARDO;McLaren;32;2021;SEP;Holanda;12;73662;5;77522;2;73081;D;No;73356;3;76662;6;72157;D;No;72094;4;77078;2;71013;D;No;70344;5;69865;D;No;NO TIME ;0;0;0;D;No
Lando NORRIS;McLaren;22;2021;SEP;Holanda;12;73022;5;76501;1;72679;D;No;72488;5;75795;9;71488;D;No;71673;6;NO TIME ;0;70781;D;No;70600;4;70406;D;No;NO TIME ;0;0;0;D;No
Sebastian VETTEL;Aston Martin;34;2021;SEP;Holanda;12;75984;1;81092;1;75984;D;No;72340;5;76491;7;71713;D;No;71693;3;73355;1;70872;D;No;71126;2;70731;D;No;NO TIME ;0;0;0;D;No
Nicholas LATIFI;Williams;26;2021;SEP;Holanda;12;73728;4;76390;2;72907;D;No;73026;2;77373;10;72610;D;No;72364;5;NO TIME ;0;71083;D;No;70628;3;70093;D;Yes;NO TIME ;0;0;0;D;No
Kimi RAIKKONEN;Alfa Romeo;42;2021;SEP;Holanda;12;74056;4;78233;5;73053;D;No;72832;6;76780;7;72206;D;No;NO TIME ;0;NO TIME ;0;0;D;No;NO TIME ;0;0;D;No;NO TIME ;0;0;0;D;No
Nikita MAZEPIN;Haas;22;2021;SEP;Holanda;12;74320;4;77056;2;73516;D;No;73702;3;76981;1;72835;D;No;73012;6;75311;2;72136;D;No;72074;2;71875;D;No;NO TIME ;0;0;0;D;No
Pierre GASLY;AlphaTauri;25;2021;SEP;Holanda;12;72995;5;75301;1;72515;D;No;72349;4;75861;10;71462;D;No;71430;6;NO TIME ;0;71005;D;No;69933;5;69478;D;No;NO TIME ;0;0;0;D;No
Sergio PEREZ;Red Bull;31;2021;SEP;Holanda;12;74474;4;77600;3;73328;D;No;72695;6;75770;7;71946;D;No;71323;5;73182;1;70526;D;No;70664;3;70530;D;No;NO TIME ;0;0;0;D;No
Fernando ALONSO;Alpine;40;2021;SEP;Holanda;12;72937;5;76974;2;72158;D;No;71538;3;75311;12;71280;D;No;71542;5;NO TIME ;0;70670;D;No;70139;4;69956;D;No;NO TIME ;0;0;0;D;No
Charles LECLERC;Ferrari;24;2021;SEP;Holanda;12;72879;5;75392;4;71623;D;No;71650;6;76223;7;70902;D;No;71613;5;NO TIME ;0;70896;D;No;69944;6;69437;D;No;NO TIME ;0;0;0;D;No
Lance STROLL;Aston Martin;23;2021;SEP;Holanda;12;73059;6;78437;3;72431;D;No;72677;3;76447;12;72136;D;No;72177;5;NO TIME ;0;70842;D;No;70723;4;70367;D;No;NO TIME ;0;0;0;D;No
Yuki TSUNODA;AlphaTauri;21;2021;SEP;Holanda;12;120384;1;NO TIME ;0;120384;D;No;73249;7;76480;7;72096;D;No;73060;9;74986;2;71980;D;No;70813;3;70462;D;No;NO TIME ;0;0;0;D;No
Esteban OCON;Alpine;25;2021;SEP;Holanda;12;73314;5;76209;2;72231;D;No;71809;5;76015;12;71074;D;No;71896;8;NO TIME ;0;71180;D;No;70285;5;69919;D;No;NO TIME ;0;0;0;D;No
Max VERSTAPPEN;Red Bull;24;2021;SEP;Holanda;12;72505;6;NO TIME ;0;71597;D;No;71625;3;75377;11;71264;D;No;70516;3;NO TIME ;0;69623;D;No;69228;4;68885;D;No;NO TIME ;0;0;0;D;No
Lewis HAMILTON;Mercedes;36;2021;SEP;Holanda;12;72804;4;76915;4;71500;D;No;71911;1;NO TIME ;0;71911;D;No;71614;4;76221;3;70417;D;No;69642;5;68923;D;No;NO TIME ;0;0;0;D;No
Mick SCHUMACHER;Haas;22;2021;SEP;Holanda;12;74853;6;79484;2;73847;D;No;73423;4;77726;14;72607;D;No;73071;6;NO TIME ;0;72366;D;No;71994;4;71387;D;No;NO TIME ;0;0;0;D;No
Carlos SAINZ;Ferrari;27;2021;SEP;Holanda;12;72638;4;74533;3;71601;D;No;71648;5;76120;5;71056;D;No;71940;1;NO TIME ;0;71940;D;Yes;69967;5;69537;D;No;NO TIME ;0;0;0;D;No
George RUSSELL;Williams;23;2021;SEP;Holanda;12;73930;4;77695;2;73181;D;No;73620;2;77174;13;72855;D;No;72096;5;73589;1;71274;D;No;70766;4;70332;D;Yes;NO TIME ;0;0;0;D;No
Valtteri BOTTAS;Mercedes;32;2021;SEP;Holanda;12;72512;3;75591;2;71738;D;No;71383;3;75459;10;71132;D;No;70794;4;NO TIME ;0;70179;D;No;69809;5;69222;D;No;NO TIME ;0;0;0;D;No
Robert KUBICA;Alfa Romeo;37;2021;SEP;Holanda;12;NO TIME ;0;NO TIME ;0;0;D;No;NO TIME ;0;NO TIME ;0;0;D;No;72980;5;75213;7;72162;D;No;71825;3;71301;D;No;NO TIME ;0;0;0;D;No
Antonio GIOVINAZZI;Alfa Romeo;28;2021;SEP;Holanda;12;73270;3;76978;6;72359;D;No;72203;6;76457;8;71678;D;No;71851;6;75955;2;71299;D;No;70235;6;69590;D;No;NO TIME ;0;0;0;D;No
Daniel RICCIARDO;McLaren;32;2021;SEP;Italia;13;82382;5;85538;8;81474;D;No;NO TIME ;0;NO TIME ;0;0;D;No;NO TIME ;0;NO TIME ;0;0;D;No;80486;5;79995;D;No;NO TIME ;0;0;0;D;No
Lando NORRIS;McLaren;22;2021;SEP;Italia;13;81967;3;85479;8;81202;D;No;NO TIME ;0;NO TIME ;0;0;D;No;NO TIME ;0;NO TIME ;0;0;D;No;80407;6;79989;D;No;NO TIME ;0;0;0;D;No
Sebastian VETTEL;Aston Martin;34;2021;SEP;Italia;13;83021;7;84431;1;81824;D;No;NO TIME ;0;NO TIME ;0;0;D;No;NO TIME ;0;NO TIME ;0;0;D;No;81418;4;80913;D;No;NO TIME ;0;0;0;D;No
Nicholas LATIFI;Williams;26;2021;SEP;Italia;13;84824;10;86558;7;83442;D;No;NO TIME ;0;NO TIME ;0;0;D;No;NO TIME ;0;NO TIME ;0;0;D;No;82307;4;81925;D;No;NO TIME ;0;0;0;D;No
Nikita MAZEPIN;Haas;22;2021;SEP;Italia;13;84580;7;87326;3;83445;D;No;NO TIME ;0;NO TIME ;0;0;D;No;NO TIME ;0;NO TIME ;0;0;D;No;82979;3;82716;D;No;NO TIME ;0;0;0;D;No
Pierre GASLY;AlphaTauri;25;2021;SEP;Italia;13;82519;6;85620;6;81719;D;No;NO TIME ;0;NO TIME ;0;0;D;No;NO TIME ;0;NO TIME ;0;0;D;No;80669;5;80260;D;No;NO TIME ;0;0;0;D;No
Sergio PEREZ;Red Bull;31;2021;SEP;Italia;13;82773;7;86387;4;82039;D;No;NO TIME ;0;NO TIME ;0;0;D;No;NO TIME ;0;NO TIME ;0;0;D;No;81182;7;80611;D;No;NO TIME ;0;0;0;D;No
Fernando ALONSO;Alpine;40;2021;SEP;Italia;13;83253;7;85277;7;81926;D;No;NO TIME ;0;NO TIME ;0;0;D;No;NO TIME ;0;NO TIME ;0;0;D;No;81484;3;81069;D;No;NO TIME ;0;0;0;D;No
Charles LECLERC;Ferrari;24;2021;SEP;Italia;13;82429;7;85594;5;81802;D;No;NO TIME ;0;NO TIME ;0;0;D;No;NO TIME ;0;NO TIME ;0;0;D;No;80844;5;80510;D;No;NO TIME ;0;0;0;D;No
Lance STROLL;Aston Martin;23;2021;SEP;Italia;13;82728;5;84390;2;81676;D;No;NO TIME ;0;NO TIME ;0;0;D;No;NO TIME ;0;NO TIME ;0;0;D;No;81356;4;81020;D;No;NO TIME ;0;0;0;D;No
Yuki TSUNODA;AlphaTauri;21;2021;SEP;Italia;13;83522;6;86097;9;82530;D;No;NO TIME ;0;NO TIME ;0;0;D;No;NO TIME ;0;NO TIME ;0;0;D;No;82129;3;81711;D;No;NO TIME ;0;0;0;D;No
Esteban OCON;Alpine;25;2021;SEP;Italia;13;83784;10;86066;3;82534;D;No;NO TIME ;0;NO TIME ;0;0;D;No;NO TIME ;0;NO TIME ;0;0;D;No;81527;4;81103;D;No;NO TIME ;0;0;0;D;No
Max VERSTAPPEN;Red Bull;24;2021;SEP;Italia;13;82516;4;85193;5;81378;D;No;NO TIME ;0;NO TIME ;0;0;D;No;NO TIME ;0;NO TIME ;0;0;D;No;80441;5;79966;D;No;NO TIME ;0;0;0;D;Yes
Lewis HAMILTON;Mercedes;36;2021;SEP;Italia;13;82004;5;84894;10;80926;D;No;NO TIME ;0;NO TIME ;0;0;D;No;NO TIME ;0;NO TIME ;0;0;D;No;80164;5;79651;D;No;NO TIME ;0;0;0;D;Yes
Mick SCHUMACHER;Haas;22;2021;SEP;Italia;13;84670;7;86910;3;83551;D;No;NO TIME ;0;NO TIME ;0;0;D;No;NO TIME ;0;NO TIME ;0;0;D;No;82571;2;82248;D;No;NO TIME ;0;0;0;D;No
Carlos SAINZ;Ferrari;27;2021;SEP;Italia;13;82299;6;85229;6;81914;D;No;NO TIME ;0;NO TIME ;0;0;D;No;NO TIME ;0;NO TIME ;0;0;D;No;80847;5;80462;D;No;NO TIME ;0;0;0;D;No
George RUSSELL;Williams;23;2021;SEP;Italia;13;83882;3;86277;16;83092;D;No;NO TIME ;0;NO TIME ;0;0;D;No;NO TIME ;0;NO TIME ;0;0;D;No;82023;6;81392;D;No;NO TIME ;0;0;0;D;No
Valtteri BOTTAS;Mercedes;32;2021;SEP;Italia;13;82285;4;84619;11;81451;D;No;NO TIME ;0;NO TIME ;0;0;D;No;NO TIME ;0;NO TIME ;0;0;D;No;80323;6;79555;D;No;NO TIME ;0;0;0;D;No
Robert KUBICA;Alfa Romeo;37;2021;SEP;Italia;13;83791;8;86717;6;83009;D;No;NO TIME ;0;NO TIME ;0;0;D;No;NO TIME ;0;NO TIME ;0;0;D;No;82736;2;82530;D;No;NO TIME ;0;0;0;D;No
Antonio GIOVINAZZI;Alfa Romeo;28;2021;SEP;Italia;13;82844;6;86000;8;82270;D;No;NO TIME ;0;NO TIME ;0;0;D;No;NO TIME ;0;NO TIME ;0;0;D;No;81053;5;80726;D;No;NO TIME ;0;0;0;D;Yes
Daniel RICCIARDO;McLaren;32;2021;SEP;Rusia;14;97593;4;102188;7;96877;D;No;96261;3;NO TIME ;0;95630;D;No;NO TIME ;0;NO TIME ;0;0;D;No;105112;2;104156;D/I;No;NO TIME ;0;0;0;D/I;No
Lando NORRIS;McLaren;22;2021;SEP;Rusia;14;97285;5;101645;5;95959;D;No;94964;5;103418;1;94154;D;No;NO TIME ;0;NO TIME ;0;0;D;No;101993;1;101993;D/I;No;NO TIME ;0;0;0;D/I;No
Sebastian VETTEL;Aston Martin;34;2021;SEP;Rusia;14;97004;3;102039;10;95781;D;No;96062;3;100444;7;94837;D;No;NO TIME ;0;NO TIME ;0;0;D;No;107348;6;106573;D/I;No;NO TIME ;0;0;0;D/I;No
Nicholas LATIFI;Williams;26;2021;SEP;Rusia;14;98746;3;102832;9;98155;D;No;96663;3;101494;7;95411;D;No;NO TIME ;0;NO TIME ;0;0;D;No;109308;2;108252;D/I;No;NO TIME ;0;0;0;D/I;No
Kimi RAIKKONEN;Alfa Romeo;42;2021;SEP;Rusia;14;98111;6;102196;1;96952;D;No;96341;6;101187;6;95052;D;No;NO TIME ;0;NO TIME ;0;0;D;No;110560;3;109586;D/I;No;NO TIME ;0;0;0;D/I;No
Nikita MAZEPIN;Haas;22;2021;SEP;Rusia;14;99947;3;104253;8;98586;D;No;96818;3;103123;8;96099;D;No;NO TIME ;0;NO TIME ;0;0;D;No;113972;2;113764;D/I;No;NO TIME ;0;0;0;D/I;No
Pierre GASLY;AlphaTauri;25;2021;SEP;Rusia;14;97403;7;101242;3;95794;D;No;95147;4;100463;8;93845;D;No;NO TIME ;0;NO TIME ;0;0;D;No;107204;6;106641;D/I;No;NO TIME ;0;0;0;D/I;No
Sergio PEREZ;Red Bull;31;2021;SEP;Rusia;14;97459;6;101954;5;96188;D;No;95379;3;101311;7;94938;D;No;NO TIME ;0;NO TIME ;0;0;D;No;106255;5;105337;D/I;No;NO TIME ;0;0;0;D/I;No
Fernando ALONSO;Alpine;40;2021;SEP;Rusia;14;97405;8;100203;1;96225;D;No;95565;4;101388;6;94762;D;No;NO TIME ;0;NO TIME ;0;0;D;No;104998;3;104204;D/I;No;NO TIME ;0;0;0;D/I;No
Charles LECLERC;Ferrari;24;2021;SEP;Rusia;14;96161;4;101532;7;95117;D;No;95216;2;100482;10;94925;D;No;NO TIME ;0;NO TIME ;0;0;D;No;108995;5;108470;D/I;No;NO TIME ;0;0;0;D/I;No
Lance STROLL;Aston Martin;23;2021;SEP;Rusia;14;97635;4;102392;8;96522;D;No;96485;3;100979;7;95334;D;No;NO TIME ;0;NO TIME ;0;0;D;No;105792;4;104956;D/I;No;NO TIME ;0;0;0;D/I;Yes
Yuki TSUNODA;AlphaTauri;21;2021;SEP;Rusia;14;99240;6;103876;7;97794;D;No;96977;4;101643;8;95954;D;No;NO TIME ;0;NO TIME ;0;0;D;No;107917;5;106751;D/I;No;NO TIME ;0;0;0;D/I;No
Esteban OCON;Alpine;25;2021;SEP;Rusia;14;96854;4;101617;7;96236;D;No;95580;5;101261;8;94402;D;No;NO TIME ;0;NO TIME ;0;0;D;No;106795;6;105865;D/I;No;NO TIME ;0;0;0;D/I;No
Max VERSTAPPEN;Red Bull;24;2021;SEP;Rusia;14;95923;4;NO TIME ;0;94654;D;No;95445;3;100421;6;94621;D;No;NO TIME ;0;NO TIME ;0;0;D;No;119522;1;119522;D/I;No;NO TIME ;0;0;0;D/I;No
Lewis HAMILTON;Mercedes;36;2021;SEP;Rusia;14;95964;4;101099;6;94638;D;No;94890;4;100722;6;93637;D;No;NO TIME ;0;NO TIME ;0;0;D;No;105334;5;104050;D/I;No;NO TIME ;0;0;0;D/I;No
Mick SCHUMACHER;Haas;22;2021;SEP;Rusia;14;100090;4;104266;9;98977;D;No;96588;4;103127;8;96230;D;No;NO TIME ;0;NO TIME ;0;0;D;No;110353;2;109830;D/I;No;NO TIME ;0;0;0;D/I;No
Carlos SAINZ;Ferrari;27;2021;SEP;Rusia;14;97256;4;101000;7;95811;D;No;95617;5;100943;4;94678;D;No;NO TIME ;0;NO TIME ;0;0;D;No;102510;1;102510;D/I;No;NO TIME ;0;0;0;D/I;No
George RUSSELL;Williams;23;2021;SEP;Rusia;14;98851;4;102440;8;98013;D;No;96253;3;101139;7;95094;D;No;NO TIME ;0;NO TIME ;0;0;D;No;102983;1;102983;D/I;No;NO TIME ;0;0;0;D/I;No
Valtteri BOTTAS;Mercedes;32;2021;SEP;Rusia;14;95882;4;100834;9;94427;D;No;94828;3;100512;5;93593;D;No;NO TIME ;0;NO TIME ;0;0;D;No;105479;4;104710;D/I;No;NO TIME ;0;0;0;D/I;No
Antonio GIOVINAZZI;Alfa Romeo;28;2021;SEP;Rusia;14;98190;5;102637;5;96795;D;No;96119;5;NO TIME ;0;95178;D;No;NO TIME ;0;NO TIME ;0;0;D;No;111023;1;111023;D/I;Yes;NO TIME ;0;0;0;D/I;No
Daniel RICCIARDO;McLaren;32;2021;OCT;Turquia;15;86367;5;89314;7;85750;D;No;85381;6;89520;5;84975;D;No;92853;5;97885;2;92270;I;No;86574;3;85881;D;No;NO TIME ;0;0;0;I;No
Lando NORRIS;McLaren;22;2021;OCT;Turquia;15;86568;6;90729;8;85347;D;No;84952;4;88439;6;84525;D;No;92685;3;98367;6;92314;I;No;84510;5;83954;D;No;NO TIME ;0;0;0;I;No
Sebastian VETTEL;Aston Martin;34;2021;OCT;Turquia;15;86448;4;90376;10;85810;D;No;85766;4;89177;15;85229;D;No;92979;4;NO TIME ;0;92111;I;No;85223;4;84795;D;No;NO TIME ;0;0;0;I;No
Nicholas LATIFI;Williams;26;2021;OCT;Turquia;15;86615;5;89491;10;85863;D;No;85497;3;89433;15;85307;D;No;96262;2;NO TIME ;0;95681;I;No;86304;2;86086;D;No;NO TIME ;0;0;0;I;No
Kimi RAIKKONEN;Alfa Romeo;42;2021;OCT;Turquia;15;86884;7;89057;2;85933;D;No;85498;4;89419;13;85143;D;No;92586;4;98597;1;91572;I;No;87684;3;87525;D;No;NO TIME ;0;0;0;I;No
Nikita MAZEPIN;Haas;22;2021;OCT;Turquia;15;87923;5;92348;12;87019;D;No;86432;6;89791;6;85698;D;No;94259;2;100387;4;93425;I;No;88954;2;88449;D;No;NO TIME ;0;0;0;I;No
Pierre GASLY;AlphaTauri;25;2021;OCT;Turquia;15;86376;7;89590;8;85382;D;No;85314;7;88953;11;84756;D;No;91178;4;93223;1;90447;I;No;84050;6;83326;D;No;NO TIME ;0;0;0;I;No
Sergio PEREZ;Red Bull;31;2021;OCT;Turquia;15;86308;5;89131;6;85459;D;No;84785;5;88721;9;84373;D;No;91850;3;94833;2;90684;I;No;84209;5;83706;D;No;NO TIME ;0;0;0;I;No
Fernando ALONSO;Alpine;40;2021;OCT;Turquia;15;86037;6;89295;7;85383;D;No;85182;4;89283;6;84660;D;No;92307;3;94682;1;91545;I;No;83959;5;83477;D;No;NO TIME ;0;0;0;I;Yes
Charles LECLERC;Ferrari;24;2021;OCT;Turquia;15;85418;5;90108;6;84654;D;No;84636;5;88529;9;83970;D;No;91863;3;98530;3;91543;I;No;84136;5;83265;D;No;NO TIME ;0;0;0;I;No
Lance STROLL;Aston Martin;23;2021;OCT;Turquia;15;87149;5;90764;12;86221;D;No;85663;4;89212;13;85020;D;No;94309;3;NO TIME ;0;93348;I;No;84962;5;84305;D;No;NO TIME ;0;0;0;I;No
Yuki TSUNODA;AlphaTauri;21;2021;OCT;Turquia;15;86993;8;90633;4;86424;D;No;85429;6;90201;9;84882;D;No;92594;3;97577;2;91981;I;No;84724;6;84054;D;No;NO TIME ;0;0;0;I;No
Esteban OCON;Alpine;25;2021;OCT;Turquia;15;85704;5;89471;9;84909;D;No;85481;5;88892;8;84672;D;No;92991;6;NO TIME ;0;92089;I;No;85482;4;84842;D;No;NO TIME ;0;0;0;I;No
Max VERSTAPPEN;Red Bull;24;2021;OCT;Turquia;15;85623;5;89471;6;84603;D;No;85034;5;89071;11;84439;D;No;91372;3;NO TIME ;0;90611;I;No;83823;6;83196;D;No;NO TIME ;0;0;0;I;No
Lewis HAMILTON;Mercedes;36;2021;OCT;Turquia;15;84745;4;88578;9;84178;D;No;84147;5;88147;12;83804;D;No;93636;1;NO TIME ;0;93636;I;No;83160;5;82868;D;No;NO TIME ;0;0;0;I;No
Mick SCHUMACHER;Haas;22;2021;OCT;Turquia;15;87543;4;91133;10;86636;D;No;86055;5;89939;9;85480;D;No;92647;4;96920;3;92228;I;No;85719;4;85200;D;No;NO TIME ;0;0;0;I;Yes
Carlos SAINZ;Ferrari;27;2021;OCT;Turquia;15;85319;3;89451;8;84860;D;No;85276;3;88771;21;84903;D;No;91558;5;97738;4;91262;I;No;85968;2;85177;D;No;NO TIME ;0;0;0;I;No
George RUSSELL;Williams;23;2021;OCT;Turquia;15;86400;5;89464;8;85685;D;No;85884;4;89575;14;85358;D;No;NO TIME ;0;NO TIME ;0;0;I;No;85809;5;85007;D;No;NO TIME ;0;0;0;I;No
Valtteri BOTTAS;Mercedes;32;2021;OCT;Turquia;15;85383;4;89336;9;84842;D;No;84634;5;88416;11;84214;D;No;93162;3;NO TIME ;0;91996;I;No;83516;5;82998;D;No;NO TIME ;0;0;0;I;No
Antonio GIOVINAZZI;Alfa Romeo;28;2021;OCT;Turquia;15;86838;7;88925;2;85812;D;No;85505;7;89896;8;84796;D;No;93071;6;100519;1;92097;I;No;86992;4;86430;D;No;NO TIME ;0;0;0;I;No
Daniel RICCIARDO;McLaren;32;2021;OCT;EEUU;16;97565;4;102769;5;96220;D;No;96161;3;101896;9;95457;D;No;95672;2;100617;2;95345;D;No;94201;5;93808;D;No;NO TIME ;0;0;0;D;No
Lando NORRIS;McLaren;22;2021;OCT;EEUU;16;97683;4;NO TIME ;0;96855;D;No;95749;2;102568;8;95203;D;No;95853;4;NO TIME ;0;94945;D;No;94083;4;93880;D;No;NO TIME ;0;0;0;D;No
Sebastian VETTEL;Aston Martin;34;2021;OCT;EEUU;16;97357;4;102280;4;96344;D;No;97547;2;102443;21;96718;D;No;96375;4;NO TIME ;0;95851;D;No;95497;3;95281;D;No;NO TIME ;0;0;0;D;No
Nicholas LATIFI;Williams;26;2021;OCT;EEUU;16;98780;4;104351;5;97463;D;No;98052;3;103954;14;97254;D;No;96369;2;NO TIME ;0;96118;D;No;96118;2;95995;D;No;NO TIME ;0;0;0;D;Yes
Kimi RAIKKONEN;Alfa Romeo;42;2021;OCT;EEUU;16;97760;5;99888;1;96876;D;No;97025;5;102615;8;96558;D;No;96686;6;NO TIME ;0;96062;D;No;96323;2;96311;D;No;NO TIME ;0;0;0;D;No
Nikita MAZEPIN;Haas;22;2021;OCT;EEUU;16;101887;3;106257;7;100948;D;No;99469;4;105240;8;98026;D;No;97733;3;NO TIME ;0;97344;D;No;97345;2;96796;D;No;NO TIME ;0;0;0;D;No
Pierre GASLY;AlphaTauri;25;2021;OCT;EEUU;16;97432;3;102966;5;96611;D;No;96785;5;103119;6;96242;D;No;96456;5;NO TIME ;0;95398;D;No;94646;5;94118;D;No;NO TIME ;0;0;0;D;No
Sergio PEREZ;Red Bull;31;2021;OCT;EEUU;16;96746;3;102413;7;95817;D;No;95515;3;102077;10;94946;D;No;95180;3;NO TIME ;0;94701;D;No;93918;6;93134;D;No;NO TIME ;0;0;0;D;No
Fernando ALONSO;Alpine;40;2021;OCT;EEUU;16;98566;5;100869;2;97068;D;No;96892;4;102729;7;96376;D;No;96490;1;102216;4;96490;D;No;95994;2;95756;D;No;NO TIME ;0;0;0;D;No
Charles LECLERC;Ferrari;24;2021;OCT;EEUU;16;96908;3;101486;4;96334;D;No;96109;4;102494;8;95572;D;No;95711;3;102158;2;95343;D;No;94173;5;93606;D;No;NO TIME ;0;0;0;D;No
Lance STROLL;Aston Martin;23;2021;OCT;EEUU;16;97761;5;102906;5;96972;D;No;96687;3;102424;13;95561;D;No;96665;3;102828;1;96392;D;No;96101;2;95983;D;No;NO TIME ;0;0;0;D;Yes
Yuki TSUNODA;AlphaTauri;21;2021;OCT;EEUU;16;97818;4;102049;6;97248;D;No;97226;5;103647;8;96690;D;No;97101;3;102617;1;96572;D;No;95465;6;94918;D;No;NO TIME ;0;0;0;D;No
Esteban OCON;Alpine;25;2021;OCT;EEUU;16;97603;6;102217;3;96970;D;No;97074;4;102605;8;96158;D;No;96851;3;NO TIME ;0;95711;D;No;95669;4;95377;D;No;NO TIME ;0;0;0;D;No
Max VERSTAPPEN;Red Bull;24;2021;OCT;EEUU;16;96556;4;102529;3;95806;D;No;95869;2;102323;7;95824;D;No;94834;3;NO TIME ;0;94383;D;No;93689;5;92910;D;No;NO TIME ;0;0;0;D;No
Lewis HAMILTON;Mercedes;36;2021;OCT;EEUU;16;96093;5;101463;4;94919;D;No;95357;3;101582;7;94842;D;No;95265;4;101624;2;94458;D;No;93971;5;93119;D;No;NO TIME ;0;0;0;D;No
Mick SCHUMACHER;Haas;22;2021;OCT;EEUU;16;100030;4;104205;2;98866;D;No;98035;3;104765;8;97041;D;No;97570;3;100545;1;96671;D;No;96754;3;96499;D;No;NO TIME ;0;0;0;D;No
Carlos SAINZ;Ferrari;27;2021;OCT;EEUU;16;97503;5;101987;2;96508;D;No;96350;3;102423;9;95919;D;No;95530;3;103135;4;94805;D;No;94138;5;93792;D;No;NO TIME ;0;0;0;D;No
George RUSSELL;Williams;23;2021;OCT;EEUU;16;98561;3;103674;7;96966;D;No;97490;1;104059;14;97490;D;No;96486;2;NO TIME ;0;96023;D;No;95820;3;95730;D;No;NO TIME ;0;0;0;D;No
Valtteri BOTTAS;Mercedes;32;2021;OCT;EEUU;16;96301;4;100363;1;94874;D;No;95651;4;102171;8;95360;D;No;95344;3;102922;1;94988;D;No;94175;5;93475;D;No;NO TIME ;0;0;0;D;No
Antonio GIOVINAZZI;Alfa Romeo;28;2021;OCT;EEUU;16;98193;4;103257;2;96874;D;No;97265;6;102655;8;96138;D;No;97115;5;NO TIME ;0;96252;D;No;95857;2;95794;D;No;NO TIME ;0;0;0;D;No
Daniel RICCIARDO;McLaren;32;2021;NOV;Mexico;17;81187;6;82981;5;80273;D;No;79993;3;NO TIME ;0;79521;D;No;78423;5;85839;1;78121;D;No;77134;4;76763;D;No;NO TIME ;0;0;0;D;Yes
Lando NORRIS;McLaren;22;2021;NOV;Mexico;17;80901;3;83689;9;80301;D;No;79277;2;83302;13;78979;D;No;79369;5;NO TIME ;0;78312;D;No;77604;4;77473;D;No;NO TIME ;0;0;0;D;No
Sebastian VETTEL;Aston Martin;34;2021;NOV;Mexico;17;81053;5;83900;9;79858;D;No;79818;3;83282;21;78681;D;No;79340;3;82446;1;78614;D;No;78210;5;77502;D;No;NO TIME ;0;0;0;D;No
Nicholas LATIFI;Williams;26;2021;NOV;Mexico;17;82570;4;84528;8;81580;D;No;81026;2;83775;9;80820;D;No;79955;3;86445;1;79313;D;No;79063;2;78756;D;No;NO TIME ;0;0;0;D;No
Kimi RAIKKONEN;Alfa Romeo;42;2021;NOV;Mexico;17;80713;6;84803;4;80026;D;No;79849;5;82516;8;78841;D;No;79005;8;NO TIME ;0;78531;D;No;78270;6;77606;D;No;NO TIME ;0;0;0;D;No
Nikita MAZEPIN;Haas;22;2021;NOV;Mexico;17;82956;2;87253;12;82819;D;No;82319;6;85119;8;81581;D;No;80722;3;85560;1;80479;D;No;79641;2;79303;D;No;NO TIME ;0;0;0;D;No
Pierre GASLY;AlphaTauri;25;2021;NOV;Mexico;17;79450;3;83472;8;78985;D;No;78986;5;82001;11;78429;D;No;78814;5;85533;1;78202;D;No;77052;7;76456;D;No;NO TIME ;0;0;0;D;No
Sergio PEREZ;Red Bull;31;2021;NOV;Mexico;17;78887;2;82514;4;78610;D;Yes;78603;5;81914;8;77871;D;No;77713;4;NO TIME ;0;77024;D;No;76962;4;76342;D;No;NO TIME ;0;0;0;D;No
Fernando ALONSO;Alpine;40;2021;NOV;Mexico;17;80429;4;83361;7;79656;D;No;79175;3;82254;14;78732;D;No;79220;4;NO TIME ;0;78816;D;No;78781;2;78452;D;No;NO TIME ;0;0;0;D;No
Charles LECLERC;Ferrari;24;2021;NOV;Mexico;17;79877;2;84021;5;79667;D;Yes;79141;3;82581;10;78605;D;No;78486;3;82751;4;78213;D;No;77182;7;76748;D;No;NO TIME ;0;0;0;D;No
Lance STROLL;Aston Martin;23;2021;NOV;Mexico;17;81245;6;84592;5;80030;D;No;81148;4;83152;22;79730;D;No;79101;4;NO TIME ;0;78352;D;No;80873;1;80873;D;Yes;NO TIME ;0;0;0;D;No
Yuki TSUNODA;AlphaTauri;21;2021;NOV;Mexico;17;80848;3;84325;14;80011;D;No;79145;3;82472;16;78644;D;No;79118;5;80922;1;78037;D;No;77063;3;76701;D;No;NO TIME ;0;0;0;D;Yes
Esteban OCON;Alpine;25;2021;NOV;Mexico;17;80752;5;83738;3;79759;D;No;79989;4;83200;23;79431;D;No;79617;4;82978;3;78999;D;No;78346;3;78126;D;No;NO TIME ;0;0;0;D;No
Max VERSTAPPEN;Red Bull;24;2021;NOV;Mexico;17;79296;4;82354;9;78464;D;No;77972;5;81345;9;77301;D;No;77425;3;NO TIME ;0;77217;D;No;76446;4;76225;D;No;NO TIME ;0;0;0;D;No
Lewis HAMILTON;Mercedes;36;2021;NOV;Mexico;17;79291;5;82754;3;78417;D;No;78187;3;82156;9;77810;D;No;78031;4;NO TIME ;0;77675;D;No;76493;5;76020;D;No;NO TIME ;0;0;0;D;No
Mick SCHUMACHER;Haas;22;2021;NOV;Mexico;17;82820;4;87251;13;82144;D;No;80713;5;84728;13;79620;D;No;80146;4;NO TIME ;0;79238;D;No;79195;2;78858;D;No;NO TIME ;0;0;0;D;Yes
Carlos SAINZ;Ferrari;27;2021;NOV;Mexico;17;79527;3;83475;9;79463;D;No;79256;5;82319;6;78318;D;No;78623;5;83532;3;78029;D;No;77392;5;76761;D;No;NO TIME ;0;0;0;D;No
George RUSSELL;Williams;23;2021;NOV;Mexico;17;81083;3;83410;8;80517;D;No;127220;1;NO TIME ;0;127220;D;No;79795;4;83522;5;79211;D;No;78216;3;77958;D;No;NO TIME ;0;0;0;D;No
Valtteri BOTTAS;Mercedes;32;2021;NOV;Mexico;17;79434;4;82160;6;78341;D;No;78741;4;81665;10;77725;D;No;78178;4;NO TIME ;0;77708;D;No;76557;6;75875;D;No;NO TIME ;0;0;0;D;Yes
Antonio GIOVINAZZI;Alfa Romeo;28;2021;NOV;Mexico;17;81179;6;85049;7;80344;D;No;80034;5;83493;11;79227;D;No;79043;6;NO TIME ;0;78556;D;No;78318;4;77897;D;Yes;NO TIME ;0;0;0;D;No
Daniel RICCIARDO;McLaren;32;2021;NOV;Brasil;18;71608;6;74952;7;70990;D;No;74013;9;76518;7;73448;D;No;NO TIME ;0;NO TIME ;0;0;D;No;69302;7;69039;D;No;NO TIME ;0;0;0;D;No
Lando NORRIS;McLaren;22;2021;NOV;Brasil;18;71051;4;74901;10;70610;D;No;74560;13;79545;3;73581;D;No;NO TIME ;0;NO TIME ;0;0;D;No;69312;8;68980;D;No;NO TIME ;0;0;0;D;Yes
Sebastian VETTEL;Aston Martin;34;2021;NOV;Brasil;18;71397;9;NO TIME ;0;70413;D;No;74763;28;78725;2;73747;D;No;NO TIME ;0;NO TIME ;0;0;D;No;69690;5;69399;D;No;NO TIME ;0;0;0;D;No
Nicholas LATIFI;Williams;26;2021;NOV;Brasil;18;71238;2;74598;10;70902;D;No;74489;16;79149;2;74025;D;No;NO TIME ;0;NO TIME ;0;0;D;No;70383;3;69897;D;No;NO TIME ;0;0;0;D;No
Kimi RAIKKONEN;Alfa Romeo;42;2021;NOV;Brasil;18;70969;6;74401;9;70443;D;No;74700;31;77944;2;73355;D;No;NO TIME ;0;NO TIME ;0;0;D;No;69840;5;69503;D;No;NO TIME ;0;0;0;D;No
Nikita MAZEPIN;Haas;22;2021;NOV;Brasil;18;72005;6;75466;6;71342;D;No;76113;21;78028;13;74909;D;No;NO TIME ;0;NO TIME ;0;0;D;No;70842;3;70589;D;No;NO TIME ;0;0;0;D;No
Pierre GASLY;AlphaTauri;25;2021;NOV;Brasil;18;70844;4;73330;10;69880;D;No;74190;22;77770;3;73608;D;No;NO TIME ;0;NO TIME ;0;0;D;No;69184;6;68777;D;No;NO TIME ;0;0;0;D;No
Sergio PEREZ;Red Bull;31;2021;NOV;Brasil;18;70264;5;74175;8;69492;D;No;73655;18;77372;5;72903;D;No;NO TIME ;0;NO TIME ;0;0;D;No;69162;8;68483;D;No;NO TIME ;0;0;0;D;No
Fernando ALONSO;Alpine;40;2021;NOV;Brasil;18;71177;7;73323;7;70201;D;No;72067;2;74577;14;71238;D;No;NO TIME ;0;NO TIME ;0;0;D;No;69286;6;69113;D;No;NO TIME ;0;0;0;D;No
Charles LECLERC;Ferrari;24;2021;NOV;Brasil;18;70440;5;73715;11;70142;D;No;74176;18;76728;10;73099;D;No;NO TIME ;0;NO TIME ;0;0;D;No;69075;6;68859;D;No;NO TIME ;0;0;0;D;No
Lance STROLL;Aston Martin;23;2021;NOV;Brasil;18;71390;8;NO TIME ;0;70352;D;No;74920;26;79645;2;73426;D;No;NO TIME ;0;NO TIME ;0;0;D;No;69881;3;69663;D;No;NO TIME ;0;0;0;D;Yes
Yuki TSUNODA;AlphaTauri;21;2021;NOV;Brasil;18;70966;5;73214;8;70374;D;No;74576;31;79417;2;73726;D;No;NO TIME ;0;NO TIME ;0;0;D;No;69449;3;69350;D;No;NO TIME ;0;0;0;D;Yes
Esteban OCON;Alpine;25;2021;NOV;Brasil;18;70933;6;73771;8;70145;D;No;73795;17;78145;4;72407;D;No;NO TIME ;0;NO TIME ;0;0;D;No;69518;5;69189;D;No;NO TIME ;0;0;0;D;No
Max VERSTAPPEN;Red Bull;24;2021;NOV;Brasil;18;70320;5;74129;6;69417;D;No;73193;19;78962;1;72102;D;No;NO TIME ;0;NO TIME ;0;0;D;No;68825;6;68372;D;No;NO TIME ;0;0;0;D;No
Lewis HAMILTON;Mercedes;36;2021;NOV;Brasil;18;69801;4;72434;10;69050;D;No;73720;8;75767;12;72741;D;No;NO TIME ;0;NO TIME ;0;0;D;No;68387;7;67934;D;No;NO TIME ;0;0;0;D;No
Mick SCHUMACHER;Haas;22;2021;NOV;Brasil;18;71425;5;74157;6;70885;D;No;75461;18;77469;17;74066;D;No;NO TIME ;0;NO TIME ;0;0;D;No;70535;4;69958;D;No;NO TIME ;0;0;0;D;Yes
Carlos SAINZ;Ferrari;27;2021;NOV;Brasil;18;70477;5;73491;9;70124;D;No;73783;11;76246;11;73078;D;No;NO TIME ;0;NO TIME ;0;0;D;No;68988;5;68826;D;No;NO TIME ;0;0;0;D;No
George RUSSELL;Williams;23;2021;NOV;Brasil;18;71576;4;74196;8;70938;D;No;74425;17;77959;2;73615;D;No;NO TIME ;0;NO TIME ;0;0;D;No;70179;3;69953;D;No;NO TIME ;0;0;0;D;No
Valtteri BOTTAS;Mercedes;32;2021;NOV;Brasil;18;70591;5;72888;9;69567;D;No;72917;5;75049;10;72355;D;No;NO TIME ;0;NO TIME ;0;0;D;No;68843;8;68426;D;No;NO TIME ;0;0;0;D;No
Antonio GIOVINAZZI;Alfa Romeo;28;2021;NOV;Brasil;18;71187;6;74968;11;70587;D;No;74731;21;75988;10;72997;D;No;NO TIME ;0;NO TIME ;0;0;D;No;70033;4;69342;D;No;NO TIME ;0;0;0;D;No
Daniel RICCIARDO;McLaren;32;2021;NOV;Qatar;19;85920;4;90075;5;85291;D;No;84886;5;90081;7;84135;D;No;84518;4;NO TIME ;0;83711;D;No;82955;5;82597;D;No;89935;52;87198;0;D;No
Lando NORRIS;McLaren;22;2021;NOV;Qatar;19;85938;5;91226;2;85215;D;No;84974;5;89653;5;83632;D;No;84799;4;87165;1;83895;D;No;82441;7;81731;D;No;88984;50;85746;0;D;No
Sebastian VETTEL;Aston Martin;34;2021;NOV;Qatar;19;86244;3;90609;3;85328;D;No;84928;4;88828;9;84020;D;No;84393;5;NO TIME ;0;83884;D;No;82693;6;82146;D;No;89389;52;86434;0;D;No
Nicholas LATIFI;Williams;26;2021;NOV;Qatar;19;86359;5;91658;7;85688;D;No;85712;4;90366;13;85209;D;No;85049;4;NO TIME ;0;84499;D;No;83644;4;83213;D;No;90486;48;88732;0;D;No
Kimi RAIKKONEN;Alfa Romeo;42;2021;NOV;Qatar;19;86876;6;89618;2;85828;D;No;85554;6;90658;7;84631;D;No;84643;6;NO TIME ;0;84246;D;No;83439;3;83156;D;No;89493;50;86358;0;D;No
Nikita MAZEPIN;Haas;22;2021;NOV;Qatar;19;87929;4;92863;3;87500;D;No;NO TIME ;0;NO TIME ;0;0;D;No;NO TIME ;0;NO TIME ;0;0;D;No;86016;2;85859;D;No;91422;49;87340;0;D;No
Pierre GASLY;AlphaTauri;25;2021;NOV;Qatar;19;85192;6;90008;8;84160;D;No;84695;3;89477;11;83357;D;No;83233;5;NO TIME ;0;82721;D;No;82137;5;81640;D;No;89204;51;87019;0;D;No
Sergio PEREZ;Red Bull;31;2021;NOV;Qatar;19;86212;6;89002;3;84915;D;No;84464;4;89650;5;83787;D;No;83544;4;NO TIME ;0;82846;D;No;82651;4;82346;D;No;88667;52;85613;0;D;No
Fernando ALONSO;Alpine;40;2021;NOV;Qatar;19;87040;9;89738;3;85905;D;No;84542;4;89287;11;84056;D;No;83523;4;NO TIME ;0;83186;D;No;82128;5;81670;D;No;89000;53;86682;0;D;No
Charles LECLERC;Ferrari;24;2021;NOV;Qatar;19;85525;8;89414;1;84790;D;No;85337;5;89608;5;84095;D;No;84160;5;NO TIME ;0;83276;D;No;82958;5;82463;D;No;89177;53;86555;0;D;No
Lance STROLL;Aston Martin;23;2021;NOV;Qatar;19;87770;4;NO TIME ;0;86712;D;No;84543;4;89913;9;83705;D;No;84798;5;NO TIME ;0;84154;D;No;82924;5;82460;D;No;89251;53;87356;0;D;No
Yuki TSUNODA;AlphaTauri;21;2021;NOV;Qatar;19;85990;4;90687;8;84648;D;No;84412;5;91243;9;83735;D;No;84363;6;NO TIME ;0;83567;D;No;82273;6;81881;D;No;89407;50;87043;0;D;No
Esteban OCON;Alpine;25;2021;NOV;Qatar;19;85621;7;88687;2;84972;D;No;85047;3;88774;13;84041;D;No;84098;6;NO TIME ;0;83209;D;No;82373;6;82012;D;No;89293;53;87061;0;D;No
Max VERSTAPPEN;Red Bull;24;2021;NOV;Qatar;19;84823;5;89248;5;83723;D;No;84122;5;88378;4;83498;D;No;82919;3;NO TIME ;0;82651;D;No;81784;5;81282;D;No;87342;51;83196;0;D;No
Lewis HAMILTON;Mercedes;36;2021;NOV;Qatar;19;85434;3;88813;3;84509;D;No;84131;5;88897;5;83570;D;No;82959;5;NO TIME ;0;82388;D;No;81538;5;80827;D;No;87444;51;85084;0;D;No
Mick SCHUMACHER;Haas;22;2021;NOV;Qatar;19;87376;3;91828;8;86699;D;No;86182;5;90738;11;85575;D;No;85393;5;NO TIME ;0;84680;D;No;84009;3;83407;D;No;90396;51;88412;0;D;No
Carlos SAINZ;Ferrari;27;2021;NOV;Qatar;19;85714;5;90224;2;84713;D;No;85398;4;89320;10;84033;D;No;83543;4;NO TIME ;0;83048;D;No;82408;7;81840;D;No;89288;53;86570;0;D;No
George RUSSELL;Williams;23;2021;NOV;Qatar;19;86622;5;90322;8;85871;D;No;85482;5;90047;10;84954;D;No;84608;7;NO TIME ;0;83923;D;No;83212;6;82756;D;No;90110;49;85768;0;D;No
Valtteri BOTTAS;Mercedes;32;2021;NOV;Qatar;19;84820;4;88197;6;84194;D;No;83511;4;88123;8;83148;D;No;83092;5;NO TIME ;0;82310;D;No;82189;7;81478;D;No;89269;46;87246;0;D;No
Antonio GIOVINAZZI;Alfa Romeo;28;2021;NOV;Qatar;19;86925;5;91241;6;85757;D;No;85596;5;89778;5;85072;D;No;85148;6;NO TIME ;0;84288;D;No;83804;3;83262;D;No;90074;51;87823;0;D;No
Daniel RICCIARDO;McLaren;32;2021;DEC;Saudi;20;91671;6;95647;4;90608;D;No;90639;3;95195;7;89968;D;No;90052;6;92501;1;89717;D;No;88747;5;88216;D;No;94582;35;92716;0;D;No
Lando NORRIS;McLaren;22;2021;DEC;Saudi;20;91609;6;95374;3;91029;D;No;90342;6;95760;2;90004;D;No;89627;5;NO TIME ;0;89300;D;No;88618;6;88180;D;No;93926;33;91914;0;D;No
Sebastian VETTEL;Aston Martin;34;2021;DEC;Saudi;20;91975;5;95247;6;90886;D;No;91019;4;96130;6;90502;D;No;90664;4;NO TIME ;0;90296;D;No;89763;4;89198;D;No;95569;26;94030;0;D;Yes
Nicholas LATIFI;Williams;26;2021;DEC;Saudi;20;92627;6;96492;8;91821;D;No;91618;4;95887;6;91039;D;No;90769;5;NO TIME ;0;90366;D;No;89775;3;89177;D;No;95007;32;92751;0;D;No
Kimi RAIKKONEN;Alfa Romeo;42;2021;DEC;Saudi;20;92583;7;96575;3;91296;D;No;90830;5;96876;2;90276;D;No;90252;9;NO TIME ;0;89689;D;No;89278;7;88856;D;No;94995;30;92778;0;D;Yes
Nikita MAZEPIN;Haas;22;2021;DEC;Saudi;20;94710;6;99315;4;93464;D;No;92305;4;96437;5;91629;D;No;92104;5;96238;3;90979;D;No;90957;2;90473;D;No;97983;7;97043;0;D;Yes
Pierre GASLY;AlphaTauri;25;2021;DEC;Saudi;20;91290;7;95495;6;90263;D;No;89952;4;94137;3;89099;D;No;89387;5;91769;1;88715;D;No;88682;9;88125;D;No;94176;33;92297;0;D;No
Sergio PEREZ;Red Bull;31;2021;DEC;Saudi;20;92083;6;95466;2;90960;D;No;90302;4;95151;4;89768;D;No;89296;5;NO TIME ;0;88629;D;No;88344;8;87946;D;No;94559;8;94138;0;D;Yes
Fernando ALONSO;Alpine;40;2021;DEC;Saudi;20;92306;7;94728;9;90842;D;No;90437;4;95436;7;89441;D;No;90047;6;NO TIME ;0;89418;D;No;89155;5;88920;D;No;94958;30;91633;0;D;No
Charles LECLERC;Ferrari;24;2021;DEC;Saudi;20;91431;6;95491;5;90600;D;No;90365;5;94521;5;89772;D;Yes;89590;5;92174;1;89101;D;No;88577;8;88054;D;No;93348;33;91601;0;D;No
Lance STROLL;Aston Martin;23;2021;DEC;Saudi;20;92034;5;96807;5;91044;D;No;91057;4;95899;8;90442;D;No;90701;5;NO TIME ;0;90030;D;No;89846;3;89368;D;No;94689;32;92804;0;D;No
Yuki TSUNODA;AlphaTauri;21;2021;DEC;Saudi;20;91828;5;95806;7;91099;D;No;90007;3;95413;5;89597;D;No;89568;5;92575;1;88641;D;No;88612;8;88222;D;No;94468;32;92506;0;D;Yes
Esteban OCON;Alpine;25;2021;DEC;Saudi;20;92235;10;95430;4;91023;D;No;90261;6;94733;4;89555;D;No;90054;6;NO TIME ;0;89177;D;No;88890;8;88574;D;No;94309;35;91797;0;D;No
Max VERSTAPPEN;Red Bull;24;2021;DEC;Saudi;20;90829;6;93614;1;89842;D;No;89555;5;95067;3;89213;D;No;88585;5;NO TIME ;0;88100;D;No;88137;4;87653;D;Yes;93215;34;91488;0;D;No
Lewis HAMILTON;Mercedes;36;2021;DEC;Saudi;20;90822;4;94653;5;89786;D;No;90082;3;93761;7;89018;D;No;88879;5;92170;1;88314;D;No;88084;6;87511;D;No;92730;33;90734;0;D;No
Mick SCHUMACHER;Haas;22;2021;DEC;Saudi;20;92595;4;95989;8;91525;D;No;91774;4;96108;7;90652;D;No;92154;3;95508;4;90933;D;No;89919;3;89464;D;No;97310;7;96043;0;D;Yes
Carlos SAINZ;Ferrari;27;2021;DEC;Saudi;20;91992;6;94678;5;90564;D;No;90022;5;94481;5;89589;D;No;89587;6;NO TIME ;0;89149;D;No;88581;3;88237;D;Yes;93746;33;91851;0;D;No
George RUSSELL;Williams;23;2021;DEC;Saudi;20;91993;6;96049;9;91343;D;No;91253;4;95304;8;90506;D;No;90503;6;NO TIME ;0;90034;D;No;89243;5;88926;D;No;97810;8;96130;0;D;Yes
Valtteri BOTTAS;Mercedes;32;2021;DEC;Saudi;20;90890;3;95734;6;90009;D;No;90177;4;94032;5;89079;D;No;89526;6;NO TIME ;0;89019;D;No;88245;9;87622;D;No;93568;34;91408;0;D;No
Antonio GIOVINAZZI;Alfa Romeo;28;2021;DEC;Saudi;20;91483;5;95915;7;90318;D;No;90740;7;95265;5;90110;D;No;89948;6;NO TIME ;0;89590;D;No;89068;8;88616;D;No;94446;33;92865;0;D;No
Daniel RICCIARDO;McLaren;32;2021;DEC;AbuDhabi;21;87245;6;90835;12;86676;D;No;85311;6;90232;8;84812;D;No;85636;3;90035;1;84733;D;No;83678;6;83409;D;No;NO TIME ;0;0;0;D;No
Lando NORRIS;McLaren;22;2021;DEC;AbuDhabi;21;87050;3;91373;12;86123;D;No;85350;3;90198;15;85072;D;No;85301;3;90402;2;84106;D;No;83513;7;82931;D;No;NO TIME ;0;0;0;D;No
Sebastian VETTEL;Aston Martin;34;2021;DEC;AbuDhabi;21;86563;5;90200;6;86007;D;No;85908;5;90681;11;85195;D;No;86122;8;87802;1;85115;D;No;84511;5;84225;D;No;NO TIME ;0;0;0;D;No
Nicholas LATIFI;Williams;26;2021;DEC;AbuDhabi;21;88033;5;91202;8;87487;D;No;86631;4;90947;8;85687;D;Yes;86129;4;89747;2;85322;D;No;84832;3;84338;D;Yes;NO TIME ;0;0;0;D;No
Kimi RAIKKONEN;Alfa Romeo;42;2021;DEC;AbuDhabi;21;87129;6;91617;2;86189;D;No;85925;5;90084;6;85440;D;Yes;85672;6;91674;1;85037;D;No;85331;2;84779;D;Yes;NO TIME ;0;0;0;D;No
Nikita MAZEPIN;Haas;22;2021;DEC;AbuDhabi;21;89404;5;93848;6;88305;D;No;87263;4;92576;9;86336;D;No;86863;3;NO TIME ;0;86332;D;No;86014;3;85685;D;No;NO TIME ;0;0;0;D;No
Pierre GASLY;AlphaTauri;25;2021;DEC;AbuDhabi;21;86679;5;90787;9;85822;D;No;85764;5;90469;11;84940;D;No;85314;6;NO TIME ;0;84251;D;No;83951;5;83489;D;No;NO TIME ;0;0;0;D;No
Sergio PEREZ;Red Bull;31;2021;DEC;AbuDhabi;21;85902;6;88668;2;85363;D;No;85123;5;89147;6;84400;D;No;84663;6;NO TIME ;0;84047;D;No;83471;8;82947;D;No;NO TIME ;0;0;0;D;No
Fernando ALONSO;Alpine;40;2021;DEC;AbuDhabi;21;86322;8;90651;3;85625;D;No;85022;4;90120;13;84225;D;No;85658;7;NO TIME ;0;85094;D;No;83708;4;83460;D;No;NO TIME ;0;0;0;D;No
Charles LECLERC;Ferrari;24;2021;DEC;AbuDhabi;21;86735;4;89984;4;85846;D;No;85053;5;89933;10;84557;D;No;85561;4;88440;2;84758;D;No;83644;8;83122;D;No;NO TIME ;0;0;0;D;No
Lance STROLL;Aston Martin;23;2021;DEC;AbuDhabi;21;87243;6;91066;5;86608;D;No;86161;4;90739;11;85385;D;No;86337;6;88211;1;84821;D;No;84271;5;84061;D;No;NO TIME ;0;0;0;D;No
Yuki TSUNODA;AlphaTauri;21;2021;DEC;AbuDhabi;21;86115;4;90519;6;85378;D;No;85195;4;90341;12;84532;D;No;85214;6;NO TIME ;0;84223;D;No;83488;7;83011;D;No;NO TIME ;0;0;0;D;No
Esteban OCON;Alpine;25;2021;DEC;AbuDhabi;21;86754;7;90868;4;86025;D;No;85075;5;89919;12;84034;D;No;85608;7;NO TIME ;0;84834;D;No;83677;7;83389;D;No;NO TIME ;0;0;0;D;No
Max VERSTAPPEN;Red Bull;24;2021;DEC;AbuDhabi;21;85485;5;90570;4;85009;D;No;84879;5;88769;8;84332;D;No;84437;3;89812;5;83488;D;No;83106;6;82109;D;No;NO TIME ;0;0;0;D;No
Lewis HAMILTON;Mercedes;36;2021;DEC;AbuDhabi;21;85867;6;90017;4;85042;D;No;84398;5;89415;9;83691;D;No;83856;3;89528;3;83274;D;No;82930;6;82480;D;No;NO TIME ;0;0;0;D;No
Mick SCHUMACHER;Haas;22;2021;DEC;AbuDhabi;21;88368;5;92369;8;87698;D;No;86423;6;91903;8;85784;D;No;86113;5;NO TIME ;0;85340;D;No;85259;3;84906;D;No;NO TIME ;0;0;0;D;No
Carlos SAINZ;Ferrari;27;2021;DEC;AbuDhabi;21;87056;8;NO TIME ;0;85886;D;No;85377;4;90693;13;84844;D;No;85543;4;89813;4;84595;D;No;83531;6;82992;D;No;NO TIME ;0;0;0;D;No
Valtteri BOTTAS;Mercedes;32;2021;DEC;AbuDhabi;21;86123;6;90276;3;85205;D;No;84564;3;89670;12;84083;D;No;84686;5;NO TIME ;0;84025;D;No;83228;7;83036;D;No;NO TIME ;0;0;0;D;No
George RUSSELL;Williams;23;2021;DEC;AbuDhabi;21;NO TIME ;0;NO TIME ;0;0;D;No;86787;6;91271;11;85549;D;No;85766;3;89811;6;85220;D;No;84519;2;84423;D;No;NO TIME ;0;0;0;D;No
Jack AITKEN;Williams;26;2021;DEC;AbuDhabi;21;88115;6;92725;7;87481;D;No;NO TIME ;0;NO TIME ;0;0;D;No;NO TIME ;0;NO TIME ;0;0;D;No;NO TIME ;0;0;D;No;NO TIME ;0;0;0;D;No
Antonio GIOVINAZZI;Alfa Romeo;28;2021;DEC;AbuDhabi;21;87637;5;91171;5;86409;D;No;85685;7;90967;8;85108;D;No;85525;5;NO TIME ;0;85048;D;No;84442;6;84118;D;No;NO TIME ;0;0;0;D;No
